STATION,NAME,DATE,PRCP_in
USW00093821,LOUISVILLE INTERNATIONAL AIRPORT, KY US,2019-01-01,0.00
USW00093821,LOUISVILLE INTERNATIONAL AIRPORT, KY US,2019-01-02,0.00
USW00093821,LOUISVILLE INTERNATIONAL AIRPORT, KY US,2019-01-03,0.00
USW00093821,LOUISVILLE INTERNATIONAL AIRPORT, KY US,2019-01-04,0.68
USW00093821,LOUISVILLE INTERNATIONAL AIRPORT, KY US,2019-01-05,0.00
USW00093821,LOUISVILLE INTERNATIONAL AIRPORT, KY US,2019-01-06,0.00
USW00093821,LOUISVILLE INTERNATIONAL AIRPORT, KY US,2019-01-07,0.00
USW00093821,LOUISVILLE INTERNATIONAL AIRPORT, KY US,2019-01-08,0.00
USW00093821,LOUISVILLE INTERNATIONAL AIRPORT, KY US,2019-01-09,0.00
USW00093821,LOUISVILLE INTERNATIONAL AIRPORT, KY US,2019-01-10,0.00
USW00093821,LOUISVILLE INTERNATIONAL AIRPORT, KY US,2019-01-11,0.03
USW00093821,LOUISVILLE INTERNATIONAL AIRPORT, KY US,2019-01-12,0.32
USW00093821,LOUISVILLE INTERNATIONAL AIRPORT, KY US,2019-01-13,0.15
USW00093821,LOUISVILLE INTERNATIONAL AIRPORT, KY US,2019-01-14,0.00
USW00093821,LOUISVILLE INTERNATIONAL AIRPORT, KY US,2019-01-15,0.00
USW00093821,LOUISVILLE INTERNATIONAL AIRPORT, KY US,2019-01-16,0.00
USW00093821,LOUISVILLE INTERNATIONAL AIRPORT, KY US,2019-01-17,0.14
USW00093821,LOUISVILLE INTERNATIONAL AIRPORT, KY US,2019-01-18,0.00
USW00093821,LOUISVILLE INTERNATIONAL AIRPORT, KY US,2019-01-19,0.88
USW00093821,LOUISVILLE INTERNATIONAL AIRPORT, KY US,2019-01-20,0.07
USW00093821,LOUISVILLE INTERNATIONAL AIRPORT, KY US,2019-01-21,0.00
USW00093821,LOUISVILLE INTERNATIONAL AIRPORT, KY US,2019-01-22,0.00
USW00093821,LOUISVILLE INTERNATIONAL AIRPORT, KY US,2019-01-23,0.86
USW00093821,LOUISVILLE INTERNATIONAL AIRPORT, KY US,2019-01-24,0.00
USW00093821,LOUISVILLE INTERNATIONAL AIRPORT, KY US,2019-01-25,0.00
USW00093821,LOUISVILLE INTERNATIONAL AIRPORT, KY US,2019-01-26,0.00
USW00093821,LOUISVILLE INTERNATIONAL AIRPORT, KY US,2019-01-27,0.00
USW00093821,LOUISVILLE INTERNATIONAL AIRPORT, KY US,2019-01-28,0.04
USW00093821,LOUISVILLE INTERNATIONAL AIRPORT, KY US,2019-01-29,0.03
USW00093821,LOUISVILLE INTERNATIONAL AIRPORT, KY US,2019-01-30,0.02
USW00093821,LOUISVILLE INTERNATIONAL AIRPORT, KY US,2019-01-31,0.00
USW00093821,LOUISVILLE INTERNATIONAL AIRPORT, KY US,2019-02-01,0.02
USW00093821,LOUISVILLE INTERNATIONAL AIRPORT, KY US,2019-02-02,0.00
USW00093821,LOUISVILLE INTERNATIONAL AIRPORT, KY US,2019-02-03,0.00
USW00093821,LOUISVILLE INTERNATIONAL AIRPORT, KY US,2019-02-04,0.07
USW00093821,LOUISVILLE INTERNATIONAL AIRPORT, KY US,2019-02-05,0.07
USW00093821,LOUISVILLE INTERNATIONAL AIRPORT, KY US,2019-02-06,0.45
USW00093821,LOUISVILLE INTERNATIONAL AIRPORT, KY US,2019-02-07,1.41
USW00093821,LOUISVILLE INTERNATIONAL AIRPORT, KY US,2019-02-08,0.00
USW00093821,LOUISVILLE INTERNATIONAL AIRPORT, KY US,2019-02-09,0.00
USW00093821,LOUISVILLE INTERNATIONAL AIRPORT, KY US,2019-02-10,0.26
USW00093821,LOUISVILLE INTERNATIONAL AIRPORT, KY US,2019-02-11,1.54
USW00093821,LOUISVILLE INTERNATIONAL AIRPORT, KY US,2019-02-12,1.23
USW00093821,LOUISVILLE INTERNATIONAL AIRPORT, KY US,2019-02-13,0.00
USW00093821,LOUISVILLE INTERNATIONAL AIRPORT, KY US,2019-02-14,0.00
USW00093821,LOUISVILLE INTERNATIONAL AIRPORT, KY US,2019-02-15,0.01
USW00093821,LOUISVILLE INTERNATIONAL AIRPORT, KY US,2019-02-16,0.00
USW00093821,LOUISVILLE INTERNATIONAL AIRPORT, KY US,2019-02-17,0.00
USW00093821,LOUISVILLE INTERNATIONAL AIRPORT, KY US,2019-02-18,0.00
USW00093821,LOUISVILLE INTERNATIONAL AIRPORT, KY US,2019-02-19,0.04
USW00093821,LOUISVILLE INTERNATIONAL AIRPORT, KY US,2019-02-20,2.02
USW00093821,LOUISVILLE INTERNATIONAL AIRPORT, KY US,2019-02-21,0.00
USW00093821,LOUISVILLE INTERNATIONAL AIRPORT, KY US,2019-02-22,0.00
USW00093821,LOUISVILLE INTERNATIONAL AIRPORT, KY US,2019-02-23,1.11
USW00093821,LOUISVILLE INTERNATIONAL AIRPORT, KY US,2019-02-24,0.02
USW00093821,LOUISVILLE INTERNATIONAL AIRPORT, KY US,2019-02-25,0.00
USW00093821,LOUISVILLE INTERNATIONAL AIRPORT, KY US,2019-02-26,0.00
USW00093821,LOUISVILLE INTERNATIONAL AIRPORT, KY US,2019-02-27,0.00
USW00093821,LOUISVILLE INTERNATIONAL AIRPORT, KY US,2019-02-28,0.13
USW00093821,LOUISVILLE INTERNATIONAL AIRPORT, KY US,2019-03-01,0.00
USW00093821,LOUISVILLE INTERNATIONAL AIRPORT, KY US,2019-03-02,0.00
USW00093821,LOUISVILLE INTERNATIONAL AIRPORT, KY US,2019-03-03,0.14
USW00093821,LOUISVILLE INTERNATIONAL AIRPORT, KY US,2019-03-04,0.00
USW00093821,LOUISVILLE INTERNATIONAL AIRPORT, KY US,2019-03-05,0.00
USW00093821,LOUISVILLE INTERNATIONAL AIRPORT, KY US,2019-03-06,0.00
USW00093821,LOUISVILLE INTERNATIONAL AIRPORT, KY US,2019-03-07,0.01
USW00093821,LOUISVILLE INTERNATIONAL AIRPORT, KY US,2019-03-08,0.15
USW00093821,LOUISVILLE INTERNATIONAL AIRPORT, KY US,2019-03-09,1.08
USW00093821,LOUISVILLE INTERNATIONAL AIRPORT, KY US,2019-03-10,0.00
USW00093821,LOUISVILLE INTERNATIONAL AIRPORT, KY US,2019-03-11,0.00
USW00093821,LOUISVILLE INTERNATIONAL AIRPORT, KY US,2019-03-12,0.00
USW00093821,LOUISVILLE INTERNATIONAL AIRPORT, KY US,2019-03-13,0.00
USW00093821,LOUISVILLE INTERNATIONAL AIRPORT, KY US,2019-03-14,0.65
USW00093821,LOUISVILLE INTERNATIONAL AIRPORT, KY US,2019-03-15,0.00
USW00093821,LOUISVILLE INTERNATIONAL AIRPORT, KY US,2019-03-16,0.00
USW00093821,LOUISVILLE INTERNATIONAL AIRPORT, KY US,2019-03-17,0.00
USW00093821,LOUISVILLE INTERNATIONAL AIRPORT, KY US,2019-03-18,0.00
USW00093821,LOUISVILLE INTERNATIONAL AIRPORT, KY US,2019-03-19,0.00
USW00093821,LOUISVILLE INTERNATIONAL AIRPORT, KY US,2019-03-20,0.00
USW00093821,LOUISVILLE INTERNATIONAL AIRPORT, KY US,2019-03-21,0.06
USW00093821,LOUISVILLE INTERNATIONAL AIRPORT, KY US,2019-03-22,0.00
USW00093821,LOUISVILLE INTERNATIONAL AIRPORT, KY US,2019-03-23,0.00
USW00093821,LOUISVILLE INTERNATIONAL AIRPORT, KY US,2019-03-24,0.07
USW00093821,LOUISVILLE INTERNATIONAL AIRPORT, KY US,2019-03-25,0.32
USW00093821,LOUISVILLE INTERNATIONAL AIRPORT, KY US,2019-03-26,0.00
USW00093821,LOUISVILLE INTERNATIONAL AIRPORT, KY US,2019-03-27,0.00
USW00093821,LOUISVILLE INTERNATIONAL AIRPORT, KY US,2019-03-28,0.00
USW00093821,LOUISVILLE INTERNATIONAL AIRPORT, KY US,2019-03-29,0.05
USW00093821,LOUISVILLE INTERNATIONAL AIRPORT, KY US,2019-03-30,1.21
USW00093821,LOUISVILLE INTERNATIONAL AIRPORT, KY US,2019-03-31,0.00
USW00093821,LOUISVILLE INTERNATIONAL AIRPORT, KY US,2019-04-01,0.00
USW00093821,LOUISVILLE INTERNATIONAL AIRPORT, KY US,2019-04-02,0.00
USW00093821,LOUISVILLE INTERNATIONAL AIRPORT, KY US,2019-04-03,0.00
USW00093821,LOUISVILLE INTERNATIONAL AIRPORT, KY US,2019-04-04,0.05
USW00093821,LOUISVILLE INTERNATIONAL AIRPORT, KY US,2019-04-05,0.19
USW00093821,LOUISVILLE INTERNATIONAL AIRPORT, KY US,2019-04-06,0.00
USW00093821,LOUISVILLE INTERNATIONAL AIRPORT, KY US,2019-04-07,0.56
USW00093821,LOUISVILLE INTERNATIONAL AIRPORT, KY US,2019-04-08,0.01
USW00093821,LOUISVILLE INTERNATIONAL AIRPORT, KY US,2019-04-09,0.00
USW00093821,LOUISVILLE INTERNATIONAL AIRPORT, KY US,2019-04-10,0.00
USW00093821,LOUISVILLE INTERNATIONAL AIRPORT, KY US,2019-04-11,0.00
USW00093821,LOUISVILLE INTERNATIONAL AIRPORT, KY US,2019-04-12,0.06
USW00093821,LOUISVILLE INTERNATIONAL AIRPORT, KY US,2019-04-13,0.08
USW00093821,LOUISVILLE INTERNATIONAL AIRPORT, KY US,2019-04-14,1.29
USW00093821,LOUISVILLE INTERNATIONAL AIRPORT, KY US,2019-04-15,0.00
USW00093821,LOUISVILLE INTERNATIONAL AIRPORT, KY US,2019-04-16,0.00
USW00093821,LOUISVILLE INTERNATIONAL AIRPORT, KY US,2019-04-17,0.00
USW00093821,LOUISVILLE INTERNATIONAL AIRPORT, KY US,2019-04-18,0.24
USW00093821,LOUISVILLE INTERNATIONAL AIRPORT, KY US,2019-04-19,1.80
USW00093821,LOUISVILLE INTERNATIONAL AIRPORT, KY US,2019-04-20,1.07
USW00093821,LOUISVILLE INTERNATIONAL AIRPORT, KY US,2019-04-21,0.00
USW00093821,LOUISVILLE INTERNATIONAL AIRPORT, KY US,2019-04-22,0.00
USW00093821,LOUISVILLE INTERNATIONAL AIRPORT, KY US,2019-04-23,0.00
USW00093821,LOUISVILLE INTERNATIONAL AIRPORT, KY US,2019-04-24,0.38
USW00093821,LOUISVILLE INTERNATIONAL AIRPORT, KY US,2019-04-25,0.68
USW00093821,LOUISVILLE INTERNATIONAL AIRPORT, KY US,2019-04-26,0.18
USW00093821,LOUISVILLE INTERNATIONAL AIRPORT, KY US,2019-04-27,0.03
USW00093821,LOUISVILLE INTERNATIONAL AIRPORT, KY US,2019-04-28,0.00
USW00093821,LOUISVILLE INTERNATIONAL AIRPORT, KY US,2019-04-29,0.00
USW00093821,LOUISVILLE INTERNATIONAL AIRPORT, KY US,2019-04-30,0.00
USW00093821,LOUISVILLE INTERNATIONAL AIRPORT, KY US,2019-05-01,0.13
USW00093821,LOUISVILLE INTERNATIONAL AIRPORT, KY US,2019-05-02,0.32
USW00093821,LOUISVILLE INTERNATIONAL AIRPORT, KY US,2019-05-03,1.19
USW00093821,LOUISVILLE INTERNATIONAL AIRPORT, KY US,2019-05-04,0.34
USW00093821,LOUISVILLE INTERNATIONAL AIRPORT, KY US,2019-05-05,0.01
USW00093821,LOUISVILLE INTERNATIONAL AIRPORT, KY US,2019-05-06,0.00
USW00093821,LOUISVILLE INTERNATIONAL AIRPORT, KY US,2019-05-07,0.00
USW00093821,LOUISVILLE INTERNATIONAL AIRPORT, KY US,2019-05-08,0.00
USW00093821,LOUISVILLE INTERNATIONAL AIRPORT, KY US,2019-05-09,0.00
USW00093821,LOUISVILLE INTERNATIONAL AIRPORT, KY US,2019-05-10,0.00
USW00093821,LOUISVILLE INTERNATIONAL AIRPORT, KY US,2019-05-11,0.30
USW00093821,LOUISVILLE INTERNATIONAL AIRPORT, KY US,2019-05-12,0.05
USW00093821,LOUISVILLE INTERNATIONAL AIRPORT, KY US,2019-05-13,0.00
USW00093821,LOUISVILLE INTERNATIONAL AIRPORT, KY US,2019-05-14,0.00
USW00093821,LOUISVILLE INTERNATIONAL AIRPORT, KY US,2019-05-15,0.00
USW00093821,LOUISVILLE INTERNATIONAL AIRPORT, KY US,2019-05-16,0.01
USW00093821,LOUISVILLE INTERNATIONAL AIRPORT, KY US,2019-05-17,0.00
USW00093821,LOUISVILLE INTERNATIONAL AIRPORT, KY US,2019-05-18,0.00
USW00093821,LOUISVILLE INTERNATIONAL AIRPORT, KY US,2019-05-19,0.37
USW00093821,LOUISVILLE INTERNATIONAL AIRPORT, KY US,2019-05-20,0.00
USW00093821,LOUISVILLE INTERNATIONAL AIRPORT, KY US,2019-05-21,0.00
USW00093821,LOUISVILLE INTERNATIONAL AIRPORT, KY US,2019-05-22,0.10
USW00093821,LOUISVILLE INTERNATIONAL AIRPORT, KY US,2019-05-23,0.07
USW00093821,LOUISVILLE INTERNATIONAL AIRPORT, KY US,2019-05-24,0.00
USW00093821,LOUISVILLE INTERNATIONAL AIRPORT, KY US,2019-05-25,0.00
USW00093821,LOUISVILLE INTERNATIONAL AIRPORT, KY US,2019-05-26,0.41
USW00093821,LOUISVILLE INTERNATIONAL AIRPORT, KY US,2019-05-27,0.00
USW00093821,LOUISVILLE INTERNATIONAL AIRPORT, KY US,2019-05-28,0.00
USW00093821,LOUISVILLE INTERNATIONAL AIRPORT, KY US,2019-05-29,1.08
USW00093821,LOUISVILLE INTERNATIONAL AIRPORT, KY US,2019-05-30,0.23
USW00093821,LOUISVILLE INTERNATIONAL AIRPORT, KY US,2019-05-31,0.00
USW00093821,LOUISVILLE INTERNATIONAL AIRPORT, KY US,2019-06-01,0.00
USW00093821,LOUISVILLE INTERNATIONAL AIRPORT, KY US,2019-06-02,0.00
USW00093821,LOUISVILLE INTERNATIONAL AIRPORT, KY US,2019-06-03,0.00
USW00093821,LOUISVILLE INTERNATIONAL AIRPORT, KY US,2019-06-04,0.00
USW00093821,LOUISVILLE INTERNATIONAL AIRPORT, KY US,2019-06-05,0.71
USW00093821,LOUISVILLE INTERNATIONAL AIRPORT, KY US,2019-06-06,0.03
USW00093821,LOUISVILLE INTERNATIONAL AIRPORT, KY US,2019-06-07,0.30
USW00093821,LOUISVILLE INTERNATIONAL AIRPORT, KY US,2019-06-08,0.51
USW00093821,LOUISVILLE INTERNATIONAL AIRPORT, KY US,2019-06-09,1.14
USW00093821,LOUISVILLE INTERNATIONAL AIRPORT, KY US,2019-06-10,0.00
USW00093821,LOUISVILLE INTERNATIONAL AIRPORT, KY US,2019-06-11,0.00
USW00093821,LOUISVILLE INTERNATIONAL AIRPORT, KY US,2019-06-12,0.00
USW00093821,LOUISVILLE INTERNATIONAL AIRPORT, KY US,2019-06-13,0.00
USW00093821,LOUISVILLE INTERNATIONAL AIRPORT, KY US,2019-06-14,0.00
USW00093821,LOUISVILLE INTERNATIONAL AIRPORT, KY US,2019-06-15,0.00
USW00093821,LOUISVILLE INTERNATIONAL AIRPORT, KY US,2019-06-16,1.89
USW00093821,LOUISVILLE INTERNATIONAL AIRPORT, KY US,2019-06-17,0.69
USW00093821,LOUISVILLE INTERNATIONAL AIRPORT, KY US,2019-06-18,0.15
USW00093821,LOUISVILLE INTERNATIONAL AIRPORT, KY US,2019-06-19,0.13
USW00093821,LOUISVILLE INTERNATIONAL AIRPORT, KY US,2019-06-20,0.00
USW00093821,LOUISVILLE INTERNATIONAL AIRPORT, KY US,2019-06-21,0.39
USW00093821,LOUISVILLE INTERNATIONAL AIRPORT, KY US,2019-06-22,0.44
USW00093821,LOUISVILLE INTERNATIONAL AIRPORT, KY US,2019-06-23,0.50
USW00093821,LOUISVILLE INTERNATIONAL AIRPORT, KY US,2019-06-24,0.71
USW00093821,LOUISVILLE INTERNATIONAL AIRPORT, KY US,2019-06-25,0.00
USW00093821,LOUISVILLE INTERNATIONAL AIRPORT, KY US,2019-06-26,0.00
USW00093821,LOUISVILLE INTERNATIONAL AIRPORT, KY US,2019-06-27,0.00
USW00093821,LOUISVILLE INTERNATIONAL AIRPORT, KY US,2019-06-28,0.00
USW00093821,LOUISVILLE INTERNATIONAL AIRPORT, KY US,2019-06-29,0.00
USW00093821,LOUISVILLE INTERNATIONAL AIRPORT, KY US,2019-06-30,0.23
USW00093821,LOUISVILLE INTERNATIONAL AIRPORT, KY US,2019-07-01,0.06
USW00093821,LOUISVILLE INTERNATIONAL AIRPORT, KY US,2019-07-02,0.00
USW00093821,LOUISVILLE INTERNATIONAL AIRPORT, KY US,2019-07-03,0.55
USW00093821,LOUISVILLE INTERNATIONAL AIRPORT, KY US,2019-07-04,0.00
USW00093821,LOUISVILLE INTERNATIONAL AIRPORT, KY US,2019-07-05,0.00
USW00093821,LOUISVILLE INTERNATIONAL AIRPORT, KY US,2019-07-06,0.00
USW00093821,LOUISVILLE INTERNATIONAL AIRPORT, KY US,2019-07-07,0.03
USW00093821,LOUISVILLE INTERNATIONAL AIRPORT, KY US,2019-07-08,0.00
USW00093821,LOUISVILLE INTERNATIONAL AIRPORT, KY US,2019-07-09,0.00
USW00093821,LOUISVILLE INTERNATIONAL AIRPORT, KY US,2019-07-10,0.00
USW00093821,LOUISVILLE INTERNATIONAL AIRPORT, KY US,2019-07-11,0.00
USW00093821,LOUISVILLE INTERNATIONAL AIRPORT, KY US,2019-07-12,0.00
USW00093821,LOUISVILLE INTERNATIONAL AIRPORT, KY US,2019-07-13,0.00
USW00093821,LOUISVILLE INTERNATIONAL AIRPORT, KY US,2019-07-14,0.00
USW00093821,LOUISVILLE INTERNATIONAL AIRPORT, KY US,2019-07-15,0.00
USW00093821,LOUISVILLE INTERNATIONAL AIRPORT, KY US,2019-07-16,0.02
USW00093821,LOUISVILLE INTERNATIONAL AIRPORT, KY US,2019-07-17,0.06
USW00093821,LOUISVILLE INTERNATIONAL AIRPORT, KY US,2019-07-18,0.09
USW00093821,LOUISVILLE INTERNATIONAL AIRPORT, KY US,2019-07-19,0.00
USW00093821,LOUISVILLE INTERNATIONAL AIRPORT, KY US,2019-07-20,0.00
USW00093821,LOUISVILLE INTERNATIONAL AIRPORT, KY US,2019-07-21,0.17
USW00093821,LOUISVILLE INTERNATIONAL AIRPORT, KY US,2019-07-22,0.01
USW00093821,LOUISVILLE INTERNATIONAL AIRPORT, KY US,2019-07-23,0.00
USW00093821,LOUISVILLE INTERNATIONAL AIRPORT, KY US,2019-07-24,0.00
USW00093821,LOUISVILLE INTERNATIONAL AIRPORT, KY US,2019-07-25,0.00
USW00093821,LOUISVILLE INTERNATIONAL AIRPORT, KY US,2019-07-26,0.00
USW00093821,LOUISVILLE INTERNATIONAL AIRPORT, KY US,2019-07-27,0.00
USW00093821,LOUISVILLE INTERNATIONAL AIRPORT, KY US,2019-07-28,0.00
USW00093821,LOUISVILLE INTERNATIONAL AIRPORT, KY US,2019-07-29,0.27
USW00093821,LOUISVILLE INTERNATIONAL AIRPORT, KY US,2019-07-30,0.05
USW00093821,LOUISVILLE INTERNATIONAL AIRPORT, KY US,2019-07-31,0.00
USW00093821,LOUISVILLE INTERNATIONAL AIRPORT, KY US,2019-08-01,0.00
USW00093821,LOUISVILLE INTERNATIONAL AIRPORT, KY US,2019-08-02,0.00
USW00093821,LOUISVILLE INTERNATIONAL AIRPORT, KY US,2019-08-03,0.00
USW00093821,LOUISVILLE INTERNATIONAL AIRPORT, KY US,2019-08-04,0.00
USW00093821,LOUISVILLE INTERNATIONAL AIRPORT, KY US,2019-08-05,0.00
USW00093821,LOUISVILLE INTERNATIONAL AIRPORT, KY US,2019-08-06,0.00
USW00093821,LOUISVILLE INTERNATIONAL AIRPORT, KY US,2019-08-07,0.00
USW00093821,LOUISVILLE INTERNATIONAL AIRPORT, KY US,2019-08-08,0.00
USW00093821,LOUISVILLE INTERNATIONAL AIRPORT, KY US,2019-08-09,0.00
USW00093821,LOUISVILLE INTERNATIONAL AIRPORT, KY US,2019-08-10,0.00
USW00093821,LOUISVILLE INTERNATIONAL AIRPORT, KY US,2019-08-11,0.00
USW00093821,LOUISVILLE INTERNATIONAL AIRPORT, KY US,2019-08-12,0.00
USW00093821,LOUISVILLE INTERNATIONAL AIRPORT, KY US,2019-08-13,0.59
USW00093821,LOUISVILLE INTERNATIONAL AIRPORT, KY US,2019-08-14,0.00
USW00093821,LOUISVILLE INTERNATIONAL AIRPORT, KY US,2019-08-15,0.00
USW00093821,LOUISVILLE INTERNATIONAL AIRPORT, KY US,2019-08-16,0.00
USW00093821,LOUISVILLE INTERNATIONAL AIRPORT, KY US,2019-08-17,0.00
USW00093821,LOUISVILLE INTERNATIONAL AIRPORT, KY US,2019-08-18,0.00
USW00093821,LOUISVILLE INTERNATIONAL AIRPORT, KY US,2019-08-19,0.01
USW00093821,LOUISVILLE INTERNATIONAL AIRPORT, KY US,2019-08-20,0.02
USW00093821,LOUISVILLE INTERNATIONAL AIRPORT, KY US,2019-08-21,0.00
USW00093821,LOUISVILLE INTERNATIONAL AIRPORT, KY US,2019-08-22,0.50
USW00093821,LOUISVILLE INTERNATIONAL AIRPORT, KY US,2019-08-23,0.45
USW00093821,LOUISVILLE INTERNATIONAL AIRPORT, KY US,2019-08-24,0.00
USW00093821,LOUISVILLE INTERNATIONAL AIRPORT, KY US,2019-08-25,0.06
USW00093821,LOUISVILLE INTERNATIONAL AIRPORT, KY US,2019-08-26,1.05
USW00093821,LOUISVILLE INTERNATIONAL AIRPORT, KY US,2019-08-27,0.00
USW00093821,LOUISVILLE INTERNATIONAL AIRPORT, KY US,2019-08-28,0.00
USW00093821,LOUISVILLE INTERNATIONAL AIRPORT, KY US,2019-08-29,0.00
USW00093821,LOUISVILLE INTERNATIONAL AIRPORT, KY US,2019-08-30,0.00
USW00093821,LOUISVILLE INTERNATIONAL AIRPORT, KY US,2019-08-31,0.00
USW00093821,LOUISVILLE INTERNATIONAL AIRPORT, KY US,2019-09-01,0.00
USW00093821,LOUISVILLE INTERNATIONAL AIRPORT, KY US,2019-09-02,0.00
USW00093821,LOUISVILLE INTERNATIONAL AIRPORT, KY US,2019-09-03,0.00
USW00093821,LOUISVILLE INTERNATIONAL AIRPORT, KY US,2019-09-04,0.00
USW00093821,LOUISVILLE INTERNATIONAL AIRPORT, KY US,2019-09-05,0.00
USW00093821,LOUISVILLE INTERNATIONAL AIRPORT, KY US,2019-09-06,0.00
USW00093821,LOUISVILLE INTERNATIONAL AIRPORT, KY US,2019-09-07,0.00
USW00093821,LOUISVILLE INTERNATIONAL AIRPORT, KY US,2019-09-08,0.00
USW00093821,LOUISVILLE INTERNATIONAL AIRPORT, KY US,2019-09-09,0.00
USW00093821,LOUISVILLE INTERNATIONAL AIRPORT, KY US,2019-09-10,0.00
USW00093821,LOUISVILLE INTERNATIONAL AIRPORT, KY US,2019-09-11,0.00
USW00093821,LOUISVILLE INTERNATIONAL AIRPORT, KY US,2019-09-12,0.00
USW00093821,LOUISVILLE INTERNATIONAL AIRPORT, KY US,2019-09-13,0.00
USW00093821,LOUISVILLE INTERNATIONAL AIRPORT, KY US,2019-09-14,0.00
USW00093821,LOUISVILLE INTERNATIONAL AIRPORT, KY US,2019-09-15,0.00
USW00093821,LOUISVILLE INTERNATIONAL AIRPORT, KY US,2019-09-16,0.00
USW00093821,LOUISVILLE INTERNATIONAL AIRPORT, KY US,2019-09-17,0.00
USW00093821,LOUISVILLE INTERNATIONAL AIRPORT, KY US,2019-09-18,0.00
USW00093821,LOUISVILLE INTERNATIONAL AIRPORT, KY US,2019-09-19,0.00
USW00093821,LOUISVILLE INTERNATIONAL AIRPORT, KY US,2019-09-20,0.00
USW00093821,LOUISVILLE INTERNATIONAL AIRPORT, KY US,2019-09-21,0.00
USW00093821,LOUISVILLE INTERNATIONAL AIRPORT, KY US,2019-09-22,0.00
USW00093821,LOUISVILLE INTERNATIONAL AIRPORT, KY US,2019-09-23,0.04
USW00093821,LOUISVILLE INTERNATIONAL AIRPORT, KY US,2019-09-24,0.00
USW00093821,LOUISVILLE INTERNATIONAL AIRPORT, KY US,2019-09-25,0.00
USW00093821,LOUISVILLE INTERNATIONAL AIRPORT, KY US,2019-09-26,0.00
USW00093821,LOUISVILLE INTERNATIONAL AIRPORT, KY US,2019-09-27,0.00
USW00093821,LOUISVILLE INTERNATIONAL AIRPORT, KY US,2019-09-28,0.00
USW00093821,LOUISVILLE INTERNATIONAL AIRPORT, KY US,2019-09-29,0.00
USW00093821,LOUISVILLE INTERNATIONAL AIRPORT, KY US,2019-09-30,0.00
USW00093821,LOUISVILLE INTERNATIONAL AIRPORT, KY US,2019-10-01,0.00
USW00093821,LOUISVILLE INTERNATIONAL AIRPORT, KY US,2019-10-02,0.00
USW00093821,LOUISVILLE INTERNATIONAL AIRPORT, KY US,2019-10-03,0.00
USW00093821,LOUISVILLE INTERNATIONAL AIRPORT, KY US,2019-10-04,0.00
USW00093821,LOUISVILLE INTERNATIONAL AIRPORT, KY US,2019-10-05,0.00
USW00093821,LOUISVILLE INTERNATIONAL AIRPORT, KY US,2019-10-06,1.26
USW00093821,LOUISVILLE INTERNATIONAL AIRPORT, KY US,2019-10-07,0.16
USW00093821,LOUISVILLE INTERNATIONAL AIRPORT, KY US,2019-10-08,0.00
USW00093821,LOUISVILLE INTERNATIONAL AIRPORT, KY US,2019-10-09,0.00
USW00093821,LOUISVILLE INTERNATIONAL AIRPORT, KY US,2019-10-10,0.00
USW00093821,LOUISVILLE INTERNATIONAL AIRPORT, KY US,2019-10-11,0.31
USW00093821,LOUISVILLE INTERNATIONAL AIRPORT, KY US,2019-10-12,0.00
USW00093821,LOUISVILLE INTERNATIONAL AIRPORT, KY US,2019-10-13,0.00
USW00093821,LOUISVILLE INTERNATIONAL AIRPORT, KY US,2019-10-14,0.00
USW00093821,LOUISVILLE INTERNATIONAL AIRPORT, KY US,2019-10-15,0.59
USW00093821,LOUISVILLE INTERNATIONAL AIRPORT, KY US,2019-10-16,0.11
USW00093821,LOUISVILLE INTERNATIONAL AIRPORT, KY US,2019-10-17,0.00
USW00093821,LOUISVILLE INTERNATIONAL AIRPORT, KY US,2019-10-18,0.00
USW00093821,LOUISVILLE INTERNATIONAL AIRPORT, KY US,2019-10-19,0.00
USW00093821,LOUISVILLE INTERNATIONAL AIRPORT, KY US,2019-10-20,0.00
USW00093821,LOUISVILLE INTERNATIONAL AIRPORT, KY US,2019-10-21,0.03
USW00093821,LOUISVILLE INTERNATIONAL AIRPORT, KY US,2019-10-22,0.00
USW00093821,LOUISVILLE INTERNATIONAL AIRPORT, KY US,2019-10-23,0.00
USW00093821,LOUISVILLE INTERNATIONAL AIRPORT, KY US,2019-10-24,0.00
USW00093821,LOUISVILLE INTERNATIONAL AIRPORT, KY US,2019-10-25,0.02
USW00093821,LOUISVILLE INTERNATIONAL AIRPORT, KY US,2019-10-26,1.29
USW00093821,LOUISVILLE INTERNATIONAL AIRPORT, KY US,2019-10-27,0.00
USW00093821,LOUISVILLE INTERNATIONAL AIRPORT, KY US,2019-10-28,0.00
USW00093821,LOUISVILLE INTERNATIONAL AIRPORT, KY US,2019-10-29,0.00
USW00093821,LOUISVILLE INTERNATIONAL AIRPORT, KY US,2019-10-30,1.04
USW00093821,LOUISVILLE INTERNATIONAL AIRPORT, KY US,2019-10-31,0.81
USW00093821,LOUISVILLE INTERNATIONAL AIRPORT, KY US,2019-11-01,0.00
USW00093821,LOUISVILLE INTERNATIONAL AIRPORT, KY US,2019-11-02,0.00
USW00093821,LOUISVILLE INTERNATIONAL AIRPORT, KY US,2019-11-03,0.00
USW00093821,LOUISVILLE INTERNATIONAL AIRPORT, KY US,2019-11-04,0.00
USW00093821,LOUISVILLE INTERNATIONAL AIRPORT, KY US,2019-11-05,0.04
USW00093821,LOUISVILLE INTERNATIONAL AIRPORT, KY US,2019-11-06,0.02
USW00093821,LOUISVILLE INTERNATIONAL AIRPORT, KY US,2019-11-07,0.61
USW00093821,LOUISVILLE INTERNATIONAL AIRPORT, KY US,2019-11-08,0.00
USW00093821,LOUISVILLE INTERNATIONAL AIRPORT, KY US,2019-11-09,0.00
USW00093821,LOUISVILLE INTERNATIONAL AIRPORT, KY US,2019-11-10,0.00
USW00093821,LOUISVILLE INTERNATIONAL AIRPORT, KY US,2019-11-11,0.23
USW00093821,LOUISVILLE INTERNATIONAL AIRPORT, KY US,2019-11-12,0.01
USW00093821,LOUISVILLE INTERNATIONAL AIRPORT, KY US,2019-11-13,0.00
USW00093821,LOUISVILLE INTERNATIONAL AIRPORT, KY US,2019-11-14,0.00
USW00093821,LOUISVILLE INTERNATIONAL AIRPORT, KY US,2019-11-15,0.00
USW00093821,LOUISVILLE INTERNATIONAL AIRPORT, KY US,2019-11-16,0.00
USW00093821,LOUISVILLE INTERNATIONAL AIRPORT, KY US,2019-11-17,0.00
USW00093821,LOUISVILLE INTERNATIONAL AIRPORT, KY US,2019-11-18,0.00
USW00093821,LOUISVILLE INTERNATIONAL AIRPORT, KY US,2019-11-19,0.12
USW00093821,LOUISVILLE INTERNATIONAL AIRPORT, KY US,2019-11-20,0.00
USW00093821,LOUISVILLE INTERNATIONAL AIRPORT, KY US,2019-11-21,0.01
USW00093821,LOUISVILLE INTERNATIONAL AIRPORT, KY US,2019-11-22,0.50
USW00093821,LOUISVILLE INTERNATIONAL AIRPORT, KY US,2019-11-23,0.21
USW00093821,LOUISVILLE INTERNATIONAL AIRPORT, KY US,2019-11-24,0.00
USW00093821,LOUISVILLE INTERNATIONAL AIRPORT, KY US,2019-11-25,0.00
USW00093821,LOUISVILLE INTERNATIONAL AIRPORT, KY US,2019-11-26,0.50
USW00093821,LOUISVILLE INTERNATIONAL AIRPORT, KY US,2019-11-27,0.37
USW00093821,LOUISVILLE INTERNATIONAL AIRPORT, KY US,2019-11-28,0.00
USW00093821,LOUISVILLE INTERNATIONAL AIRPORT, KY US,2019-11-29,0.01
USW00093821,LOUISVILLE INTERNATIONAL AIRPORT, KY US,2019-11-30,3.01
USW00093821,LOUISVILLE INTERNATIONAL AIRPORT, KY US,2019-12-01,0.01
USW00093821,LOUISVILLE INTERNATIONAL AIRPORT, KY US,2019-12-02,0.03
USW00093821,LOUISVILLE INTERNATIONAL AIRPORT, KY US,2019-12-03,0.00
USW00093821,LOUISVILLE INTERNATIONAL AIRPORT, KY US,2019-12-04,0.00
USW00093821,LOUISVILLE INTERNATIONAL AIRPORT, KY US,2019-12-05,0.00
USW00093821,LOUISVILLE INTERNATIONAL AIRPORT, KY US,2019-12-06,0.07
USW00093821,LOUISVILLE INTERNATIONAL AIRPORT, KY US,2019-12-07,0.00
USW00093821,LOUISVILLE INTERNATIONAL AIRPORT, KY US,2019-12-08,0.00
USW00093821,LOUISVILLE INTERNATIONAL AIRPORT, KY US,2019-12-09,0.16
USW00093821,LOUISVILLE INTERNATIONAL AIRPORT, KY US,2019-12-10,0.00
USW00093821,LOUISVILLE INTERNATIONAL AIRPORT, KY US,2019-12-11,0.00
USW00093821,LOUISVILLE INTERNATIONAL AIRPORT, KY US,2019-12-12,0.00
USW00093821,LOUISVILLE INTERNATIONAL AIRPORT, KY US,2019-12-13,0.31
USW00093821,LOUISVILLE INTERNATIONAL AIRPORT, KY US,2019-12-14,0.19
USW00093821,LOUISVILLE INTERNATIONAL AIRPORT, KY US,2019-12-15,0.13
USW00093821,LOUISVILLE INTERNATIONAL AIRPORT, KY US,2019-12-16,1.12
USW00093821,LOUISVILLE INTERNATIONAL AIRPORT, KY US,2019-12-17,0.03
USW00093821,LOUISVILLE INTERNATIONAL AIRPORT, KY US,2019-12-18,0.00
USW00093821,LOUISVILLE INTERNATIONAL AIRPORT, KY US,2019-12-19,0.00
USW00093821,LOUISVILLE INTERNATIONAL AIRPORT, KY US,2019-12-20,0.00
USW00093821,LOUISVILLE INTERNATIONAL AIRPORT, KY US,2019-12-21,0.00
USW00093821,LOUISVILLE INTERNATIONAL AIRPORT, KY US,2019-12-22,0.00
USW00093821,LOUISVILLE INTERNATIONAL AIRPORT, KY US,2019-12-23,0.00
USW00093821,LOUISVILLE INTERNATIONAL AIRPORT, KY US,2019-12-24,0.00
USW00093821,LOUISVILLE INTERNATIONAL AIRPORT, KY US,2019-12-25,0.00
USW00093821,LOUISVILLE INTERNATIONAL AIRPORT, KY US,2019-12-26,0.00
USW00093821,LOUISVILLE INTERNATIONAL AIRPORT, KY US,2019-12-27,0.00
USW00093821,LOUISVILLE INTERNATIONAL AIRPORT, KY US,2019-12-28,0.01
USW00093821,LOUISVILLE INTERNATIONAL AIRPORT, KY US,2019-12-29,1.44
USW00093821,LOUISVILLE INTERNATIONAL AIRPORT, KY US,2019-12-30,0.13
USW00093821,LOUISVILLE INTERNATIONAL AIRPORT, KY US,2019-12-31,0.00
USW00093821,LOUISVILLE INTERNATIONAL AIRPORT, KY US,2020-01-01,0.00
USW00093821,LOUISVILLE INTERNATIONAL AIRPORT, KY US,2020-01-02,0.23
USW00093821,LOUISVILLE INTERNATIONAL AIRPORT, KY US,2020-01-03,0.70
USW00093821,LOUISVILLE INTERNATIONAL AIRPORT, KY US,2020-01-04,0.06
USW00093821,LOUISVILLE INTERNATIONAL AIRPORT, KY US,2020-01-05,0.00
USW00093821,LOUISVILLE INTERNATIONAL AIRPORT, KY US,2020-01-06,0.00
USW00093821,LOUISVILLE INTERNATIONAL AIRPORT, KY US,2020-01-07,0.00
USW00093821,LOUISVILLE INTERNATIONAL AIRPORT, KY US,2020-01-08,0.00
USW00093821,LOUISVILLE INTERNATIONAL AIRPORT, KY US,2020-01-09,0.00
USW00093821,LOUISVILLE INTERNATIONAL AIRPORT, KY US,2020-01-10,0.72
USW00093821,LOUISVILLE INTERNATIONAL AIRPORT, KY US,2020-01-11,1.17
USW00093821,LOUISVILLE INTERNATIONAL AIRPORT, KY US,2020-01-12,0.00
USW00093821,LOUISVILLE INTERNATIONAL AIRPORT, KY US,2020-01-13,0.00
USW00093821,LOUISVILLE INTERNATIONAL AIRPORT, KY US,2020-01-14,0.00
USW00093821,LOUISVILLE INTERNATIONAL AIRPORT, KY US,2020-01-15,0.01
USW00093821,LOUISVILLE INTERNATIONAL AIRPORT, KY US,2020-01-16,0.00
USW00093821,LOUISVILLE INTERNATIONAL AIRPORT, KY US,2020-01-17,0.00
USW00093821,LOUISVILLE INTERNATIONAL AIRPORT, KY US,2020-01-18,0.36
USW00093821,LOUISVILLE INTERNATIONAL AIRPORT, KY US,2020-01-19,0.00
USW00093821,LOUISVILLE INTERNATIONAL AIRPORT, KY US,2020-01-20,0.00
USW00093821,LOUISVILLE INTERNATIONAL AIRPORT, KY US,2020-01-21,0.00
USW00093821,LOUISVILLE INTERNATIONAL AIRPORT, KY US,2020-01-22,0.00
USW00093821,LOUISVILLE INTERNATIONAL AIRPORT, KY US,2020-01-23,0.18
USW00093821,LOUISVILLE INTERNATIONAL AIRPORT, KY US,2020-01-24,0.45
USW00093821,LOUISVILLE INTERNATIONAL AIRPORT, KY US,2020-01-25,0.01
USW00093821,LOUISVILLE INTERNATIONAL AIRPORT, KY US,2020-01-26,0.00
USW00093821,LOUISVILLE INTERNATIONAL AIRPORT, KY US,2020-01-27,0.00
USW00093821,LOUISVILLE INTERNATIONAL AIRPORT, KY US,2020-01-28,0.00
USW00093821,LOUISVILLE INTERNATIONAL AIRPORT, KY US,2020-01-29,0.01
USW00093821,LOUISVILLE INTERNATIONAL AIRPORT, KY US,2020-01-30,0.00
USW00093821,LOUISVILLE INTERNATIONAL AIRPORT, KY US,2020-01-31,0.15
USW00093821,LOUISVILLE INTERNATIONAL AIRPORT, KY US,2020-02-01,0.00
USW00093821,LOUISVILLE INTERNATIONAL AIRPORT, KY US,2020-02-02,0.00
USW00093821,LOUISVILLE INTERNATIONAL AIRPORT, KY US,2020-02-03,0.00
USW00093821,LOUISVILLE INTERNATIONAL AIRPORT, KY US,2020-02-04,0.36
USW00093821,LOUISVILLE INTERNATIONAL AIRPORT, KY US,2020-02-05,0.13
USW00093821,LOUISVILLE INTERNATIONAL AIRPORT, KY US,2020-02-06,0.00
USW00093821,LOUISVILLE INTERNATIONAL AIRPORT, KY US,2020-02-07,0.11
USW00093821,LOUISVILLE INTERNATIONAL AIRPORT, KY US,2020-02-08,0.02
USW00093821,LOUISVILLE INTERNATIONAL AIRPORT, KY US,2020-02-09,0.07
USW00093821,LOUISVILLE INTERNATIONAL AIRPORT, KY US,2020-02-10,0.20
USW00093821,LOUISVILLE INTERNATIONAL AIRPORT, KY US,2020-02-11,0.23
USW00093821,LOUISVILLE INTERNATIONAL AIRPORT, KY US,2020-02-12,1.13
USW00093821,LOUISVILLE INTERNATIONAL AIRPORT, KY US,2020-02-13,0.07
USW00093821,LOUISVILLE INTERNATIONAL AIRPORT, KY US,2020-02-14,0.00
USW00093821,LOUISVILLE INTERNATIONAL AIRPORT, KY US,2020-02-15,0.00
USW00093821,LOUISVILLE INTERNATIONAL AIRPORT, KY US,2020-02-16,0.00
USW00093821,LOUISVILLE INTERNATIONAL AIRPORT, KY US,2020-02-17,0.00
USW00093821,LOUISVILLE INTERNATIONAL AIRPORT, KY US,2020-02-18,0.26
USW00093821,LOUISVILLE INTERNATIONAL AIRPORT, KY US,2020-02-19,0.00
USW00093821,LOUISVILLE INTERNATIONAL AIRPORT, KY US,2020-02-20,0.00
USW00093821,LOUISVILLE INTERNATIONAL AIRPORT, KY US,2020-02-21,0.00
USW00093821,LOUISVILLE INTERNATIONAL AIRPORT, KY US,2020-02-22,0.00
USW00093821,LOUISVILLE INTERNATIONAL AIRPORT, KY US,2020-02-23,0.00
USW00093821,LOUISVILLE INTERNATIONAL AIRPORT, KY US,2020-02-24,0.58
USW00093821,LOUISVILLE INTERNATIONAL AIRPORT, KY US,2020-02-25,0.23
USW00093821,LOUISVILLE INTERNATIONAL AIRPORT, KY US,2020-02-26,0.06
USW00093821,LOUISVILLE INTERNATIONAL AIRPORT, KY US,2020-02-27,0.01
USW00093821,LOUISVILLE INTERNATIONAL AIRPORT, KY US,2020-02-28,0.00
USW00093821,LOUISVILLE INTERNATIONAL AIRPORT, KY US,2020-02-29,0.00
USW00093821,LOUISVILLE INTERNATIONAL AIRPORT, KY US,2020-03-01,0.03
USW00093821,LOUISVILLE INTERNATIONAL AIRPORT, KY US,2020-03-02,0.49
USW00093821,LOUISVILLE INTERNATIONAL AIRPORT, KY US,2020-03-03,0.27
USW00093821,LOUISVILLE INTERNATIONAL AIRPORT, KY US,2020-03-04,0.00
USW00093821,LOUISVILLE INTERNATIONAL AIRPORT, KY US,2020-03-05,0.00
USW00093821,LOUISVILLE INTERNATIONAL AIRPORT, KY US,2020-03-06,0.00
USW00093821,LOUISVILLE INTERNATIONAL AIRPORT, KY US,2020-03-07,0.00
USW00093821,LOUISVILLE INTERNATIONAL AIRPORT, KY US,2020-03-08,0.00
USW00093821,LOUISVILLE INTERNATIONAL AIRPORT, KY US,2020-03-09,0.00
USW00093821,LOUISVILLE INTERNATIONAL AIRPORT, KY US,2020-03-10,0.32
USW00093821,LOUISVILLE INTERNATIONAL AIRPORT, KY US,2020-03-11,0.00
USW00093821,LOUISVILLE INTERNATIONAL AIRPORT, KY US,2020-03-12,0.99
USW00093821,LOUISVILLE INTERNATIONAL AIRPORT, KY US,2020-03-13,0.00
USW00093821,LOUISVILLE INTERNATIONAL AIRPORT, KY US,2020-03-14,0.58
USW00093821,LOUISVILLE INTERNATIONAL AIRPORT, KY US,2020-03-15,0.00
USW00093821,LOUISVILLE INTERNATIONAL AIRPORT, KY US,2020-03-16,0.01
USW00093821,LOUISVILLE INTERNATIONAL AIRPORT, KY US,2020-03-17,0.04
USW00093821,LOUISVILLE INTERNATIONAL AIRPORT, KY US,2020-03-18,0.64
USW00093821,LOUISVILLE INTERNATIONAL AIRPORT, KY US,2020-03-19,0.58
USW00093821,LOUISVILLE INTERNATIONAL AIRPORT, KY US,2020-03-20,0.07
USW00093821,LOUISVILLE INTERNATIONAL AIRPORT, KY US,2020-03-21,0.00
USW00093821,LOUISVILLE INTERNATIONAL AIRPORT, KY US,2020-03-22,0.01
USW00093821,LOUISVILLE INTERNATIONAL AIRPORT, KY US,2020-03-23,0.01
USW00093821,LOUISVILLE INTERNATIONAL AIRPORT, KY US,2020-03-24,0.40
USW00093821,LOUISVILLE INTERNATIONAL AIRPORT, KY US,2020-03-25,0.00
USW00093821,LOUISVILLE INTERNATIONAL AIRPORT, KY US,2020-03-26,0.00
USW00093821,LOUISVILLE INTERNATIONAL AIRPORT, KY US,2020-03-27,0.00
USW00093821,LOUISVILLE INTERNATIONAL AIRPORT, KY US,2020-03-28,0.24
USW00093821,LOUISVILLE INTERNATIONAL AIRPORT, KY US,2020-03-29,0.01
USW00093821,LOUISVILLE INTERNATIONAL AIRPORT, KY US,2020-03-30,0.00
USW00093821,LOUISVILLE INTERNATIONAL AIRPORT, KY US,2020-03-31,0.00
USW00093821,LOUISVILLE INTERNATIONAL AIRPORT, KY US,2020-04-01,0.00
USW00093821,LOUISVILLE INTERNATIONAL AIRPORT, KY US,2020-04-02,0.00
USW00093821,LOUISVILLE INTERNATIONAL AIRPORT, KY US,2020-04-03,0.00
USW00093821,LOUISVILLE INTERNATIONAL AIRPORT, KY US,2020-04-04,0.00
USW00093821,LOUISVILLE INTERNATIONAL AIRPORT, KY US,2020-04-05,0.02
USW00093821,LOUISVILLE INTERNATIONAL AIRPORT, KY US,2020-04-06,0.00
USW00093821,LOUISVILLE INTERNATIONAL AIRPORT, KY US,2020-04-07,0.00
USW00093821,LOUISVILLE INTERNATIONAL AIRPORT, KY US,2020-04-08,0.36
USW00093821,LOUISVILLE INTERNATIONAL AIRPORT, KY US,2020-04-09,0.00
USW00093821,LOUISVILLE INTERNATIONAL AIRPORT, KY US,2020-04-10,0.00
USW00093821,LOUISVILLE INTERNATIONAL AIRPORT, KY US,2020-04-11,0.00
USW00093821,LOUISVILLE INTERNATIONAL AIRPORT, KY US,2020-04-12,0.70
USW00093821,LOUISVILLE INTERNATIONAL AIRPORT, KY US,2020-04-13,1.00
USW00093821,LOUISVILLE INTERNATIONAL AIRPORT, KY US,2020-04-14,0.00
USW00093821,LOUISVILLE INTERNATIONAL AIRPORT, KY US,2020-04-15,0.00
USW00093821,LOUISVILLE INTERNATIONAL AIRPORT, KY US,2020-04-16,0.00
USW00093821,LOUISVILLE INTERNATIONAL AIRPORT, KY US,2020-04-17,0.31
USW00093821,LOUISVILLE INTERNATIONAL AIRPORT, KY US,2020-04-18,0.00
USW00093821,LOUISVILLE INTERNATIONAL AIRPORT, KY US,2020-04-19,0.00
USW00093821,LOUISVILLE INTERNATIONAL AIRPORT, KY US,2020-04-20,0.00
USW00093821,LOUISVILLE INTERNATIONAL AIRPORT, KY US,2020-04-21,0.00
USW00093821,LOUISVILLE INTERNATIONAL AIRPORT, KY US,2020-04-22,0.00
USW00093821,LOUISVILLE INTERNATIONAL AIRPORT, KY US,2020-04-23,0.88
USW00093821,LOUISVILLE INTERNATIONAL AIRPORT, KY US,2020-04-24,0.00
USW00093821,LOUISVILLE INTERNATIONAL AIRPORT, KY US,2020-04-25,0.27
USW00093821,LOUISVILLE INTERNATIONAL AIRPORT, KY US,2020-04-26,0.38
USW00093821,LOUISVILLE INTERNATIONAL AIRPORT, KY US,2020-04-27,0.00
USW00093821,LOUISVILLE INTERNATIONAL AIRPORT, KY US,2020-04-28,0.00
USW00093821,LOUISVILLE INTERNATIONAL AIRPORT, KY US,2020-04-29,0.13
USW00093821,LOUISVILLE INTERNATIONAL AIRPORT, KY US,2020-04-30,0.03
USW00093821,LOUISVILLE INTERNATIONAL AIRPORT, KY US,2020-05-01,0.00
USW00093821,LOUISVILLE INTERNATIONAL AIRPORT, KY US,2020-05-02,0.00
USW00093821,LOUISVILLE INTERNATIONAL AIRPORT, KY US,2020-05-03,0.06
USW00093821,LOUISVILLE INTERNATIONAL AIRPORT, KY US,2020-05-04,0.00
USW00093821,LOUISVILLE INTERNATIONAL AIRPORT, KY US,2020-05-05,0.28
USW00093821,LOUISVILLE INTERNATIONAL AIRPORT, KY US,2020-05-06,0.00
USW00093821,LOUISVILLE INTERNATIONAL AIRPORT, KY US,2020-05-07,0.00
USW00093821,LOUISVILLE INTERNATIONAL AIRPORT, KY US,2020-05-08,0.91
USW00093821,LOUISVILLE INTERNATIONAL AIRPORT, KY US,2020-05-09,0.00
USW00093821,LOUISVILLE INTERNATIONAL AIRPORT, KY US,2020-05-10,0.00
USW00093821,LOUISVILLE INTERNATIONAL AIRPORT, KY US,2020-05-11,0.00
USW00093821,LOUISVILLE INTERNATIONAL AIRPORT, KY US,2020-05-12,0.00
USW00093821,LOUISVILLE INTERNATIONAL AIRPORT, KY US,2020-05-13,0.16
USW00093821,LOUISVILLE INTERNATIONAL AIRPORT, KY US,2020-05-14,0.20
USW00093821,LOUISVILLE INTERNATIONAL AIRPORT, KY US,2020-05-15,0.62
USW00093821,LOUISVILLE INTERNATIONAL AIRPORT, KY US,2020-05-16,1.13
USW00093821,LOUISVILLE INTERNATIONAL AIRPORT, KY US,2020-05-17,0.00
USW00093821,LOUISVILLE INTERNATIONAL AIRPORT, KY US,2020-05-18,0.54
USW00093821,LOUISVILLE INTERNATIONAL AIRPORT, KY US,2020-05-19,0.00
USW00093821,LOUISVILLE INTERNATIONAL AIRPORT, KY US,2020-05-20,0.03
USW00093821,LOUISVILLE INTERNATIONAL AIRPORT, KY US,2020-05-21,0.00
USW00093821,LOUISVILLE INTERNATIONAL AIRPORT, KY US,2020-05-22,0.00
USW00093821,LOUISVILLE INTERNATIONAL AIRPORT, KY US,2020-05-23,1.60
USW00093821,LOUISVILLE INTERNATIONAL AIRPORT, KY US,2020-05-24,0.00
USW00093821,LOUISVILLE INTERNATIONAL AIRPORT, KY US,2020-05-25,0.21
USW00093821,LOUISVILLE INTERNATIONAL AIRPORT, KY US,2020-05-26,0.02
USW00093821,LOUISVILLE INTERNATIONAL AIRPORT, KY US,2020-05-27,0.03
USW00093821,LOUISVILLE INTERNATIONAL AIRPORT, KY US,2020-05-28,0.05
USW00093821,LOUISVILLE INTERNATIONAL AIRPORT, KY US,2020-05-29,0.09
USW00093821,LOUISVILLE INTERNATIONAL AIRPORT, KY US,2020-05-30,0.00
USW00093821,LOUISVILLE INTERNATIONAL AIRPORT, KY US,2020-05-31,0.00
USW00093821,LOUISVILLE INTERNATIONAL AIRPORT, KY US,2020-06-01,0.00
USW00093821,LOUISVILLE INTERNATIONAL AIRPORT, KY US,2020-06-02,0.00
USW00093821,LOUISVILLE INTERNATIONAL AIRPORT, KY US,2020-06-03,0.00
USW00093821,LOUISVILLE INTERNATIONAL AIRPORT, KY US,2020-06-04,2.14
USW00093821,LOUISVILLE INTERNATIONAL AIRPORT, KY US,2020-06-05,0.00
USW00093821,LOUISVILLE INTERNATIONAL AIRPORT, KY US,2020-06-06,0.00
USW00093821,LOUISVILLE INTERNATIONAL AIRPORT, KY US,2020-06-07,0.00
USW00093821,LOUISVILLE INTERNATIONAL AIRPORT, KY US,2020-06-08,0.00
USW00093821,LOUISVILLE INTERNATIONAL AIRPORT, KY US,2020-06-09,0.06
USW00093821,LOUISVILLE INTERNATIONAL AIRPORT, KY US,2020-06-10,0.00
USW00093821,LOUISVILLE INTERNATIONAL AIRPORT, KY US,2020-06-11,0.00
USW00093821,LOUISVILLE INTERNATIONAL AIRPORT, KY US,2020-06-12,0.00
USW00093821,LOUISVILLE INTERNATIONAL AIRPORT, KY US,2020-06-13,0.00
USW00093821,LOUISVILLE INTERNATIONAL AIRPORT, KY US,2020-06-14,0.06
USW00093821,LOUISVILLE INTERNATIONAL AIRPORT, KY US,2020-06-15,0.00
USW00093821,LOUISVILLE INTERNATIONAL AIRPORT, KY US,2020-06-16,0.00
USW00093821,LOUISVILLE INTERNATIONAL AIRPORT, KY US,2020-06-17,0.00
USW00093821,LOUISVILLE INTERNATIONAL AIRPORT, KY US,2020-06-18,0.00
USW00093821,LOUISVILLE INTERNATIONAL AIRPORT, KY US,2020-06-19,0.02
USW00093821,LOUISVILLE INTERNATIONAL AIRPORT, KY US,2020-06-20,0.00
USW00093821,LOUISVILLE INTERNATIONAL AIRPORT, KY US,2020-06-21,0.44
USW00093821,LOUISVILLE INTERNATIONAL AIRPORT, KY US,2020-06-22,0.98
USW00093821,LOUISVILLE INTERNATIONAL AIRPORT, KY US,2020-06-23,0.26
USW00093821,LOUISVILLE INTERNATIONAL AIRPORT, KY US,2020-06-24,0.00
USW00093821,LOUISVILLE INTERNATIONAL AIRPORT, KY US,2020-06-25,0.00
USW00093821,LOUISVILLE INTERNATIONAL AIRPORT, KY US,2020-06-26,0.00
USW00093821,LOUISVILLE INTERNATIONAL AIRPORT, KY US,2020-06-27,1.56
USW00093821,LOUISVILLE INTERNATIONAL AIRPORT, KY US,2020-06-28,0.02
USW00093821,LOUISVILLE INTERNATIONAL AIRPORT, KY US,2020-06-29,0.92
USW00093821,LOUISVILLE INTERNATIONAL AIRPORT, KY US,2020-06-30,0.06
USW00093821,LOUISVILLE INTERNATIONAL AIRPORT, KY US,2020-07-01,0.03
USW00093821,LOUISVILLE INTERNATIONAL AIRPORT, KY US,2020-07-02,0.00
USW00093821,LOUISVILLE INTERNATIONAL AIRPORT, KY US,2020-07-03,0.00
USW00093821,LOUISVILLE INTERNATIONAL AIRPORT, KY US,2020-07-04,0.00
USW00093821,LOUISVILLE INTERNATIONAL AIRPORT, KY US,2020-07-05,0.22
USW00093821,LOUISVILLE INTERNATIONAL AIRPORT, KY US,2020-07-06,0.00
USW00093821,LOUISVILLE INTERNATIONAL AIRPORT, KY US,2020-07-07,0.09
USW00093821,LOUISVILLE INTERNATIONAL AIRPORT, KY US,2020-07-08,0.00
USW00093821,LOUISVILLE INTERNATIONAL AIRPORT, KY US,2020-07-09,0.00
USW00093821,LOUISVILLE INTERNATIONAL AIRPORT, KY US,2020-07-10,0.00
USW00093821,LOUISVILLE INTERNATIONAL AIRPORT, KY US,2020-07-11,0.30
USW00093821,LOUISVILLE INTERNATIONAL AIRPORT, KY US,2020-07-12,0.23
USW00093821,LOUISVILLE INTERNATIONAL AIRPORT, KY US,2020-07-13,0.00
USW00093821,LOUISVILLE INTERNATIONAL AIRPORT, KY US,2020-07-14,0.00
USW00093821,LOUISVILLE INTERNATIONAL AIRPORT, KY US,2020-07-15,0.00
USW00093821,LOUISVILLE INTERNATIONAL AIRPORT, KY US,2020-07-16,0.01
USW00093821,LOUISVILLE INTERNATIONAL AIRPORT, KY US,2020-07-17,0.20
USW00093821,LOUISVILLE INTERNATIONAL AIRPORT, KY US,2020-07-18,0.00
USW00093821,LOUISVILLE INTERNATIONAL AIRPORT, KY US,2020-07-19,0.00
USW00093821,LOUISVILLE INTERNATIONAL AIRPORT, KY US,2020-07-20,0.58
USW00093821,LOUISVILLE INTERNATIONAL AIRPORT, KY US,2020-07-21,0.00
USW00093821,LOUISVILLE INTERNATIONAL AIRPORT, KY US,2020-07-22,0.00
USW00093821,LOUISVILLE INTERNATIONAL AIRPORT, KY US,2020-07-23,0.67
USW00093821,LOUISVILLE INTERNATIONAL AIRPORT, KY US,2020-07-24,0.00
USW00093821,LOUISVILLE INTERNATIONAL AIRPORT, KY US,2020-07-25,0.04
USW00093821,LOUISVILLE INTERNATIONAL AIRPORT, KY US,2020-07-26,0.00
USW00093821,LOUISVILLE INTERNATIONAL AIRPORT, KY US,2020-07-27,0.00
USW00093821,LOUISVILLE INTERNATIONAL AIRPORT, KY US,2020-07-28,0.00
USW00093821,LOUISVILLE INTERNATIONAL AIRPORT, KY US,2020-07-29,0.00
USW00093821,LOUISVILLE INTERNATIONAL AIRPORT, KY US,2020-07-30,2.35
USW00093821,LOUISVILLE INTERNATIONAL AIRPORT, KY US,2020-07-31,0.31
USW00093821,LOUISVILLE INTERNATIONAL AIRPORT, KY US,2020-08-01,0.70
USW00093821,LOUISVILLE INTERNATIONAL AIRPORT, KY US,2020-08-02,0.11
USW00093821,LOUISVILLE INTERNATIONAL AIRPORT, KY US,2020-08-03,0.02
USW00093821,LOUISVILLE INTERNATIONAL AIRPORT, KY US,2020-08-04,0.00
USW00093821,LOUISVILLE INTERNATIONAL AIRPORT, KY US,2020-08-05,0.00
USW00093821,LOUISVILLE INTERNATIONAL AIRPORT, KY US,2020-08-06,0.00
USW00093821,LOUISVILLE INTERNATIONAL AIRPORT, KY US,2020-08-07,0.00
USW00093821,LOUISVILLE INTERNATIONAL AIRPORT, KY US,2020-08-08,0.00
USW00093821,LOUISVILLE INTERNATIONAL AIRPORT, KY US,2020-08-09,0.00
USW00093821,LOUISVILLE INTERNATIONAL AIRPORT, KY US,2020-08-10,0.00
USW00093821,LOUISVILLE INTERNATIONAL AIRPORT, KY US,2020-08-11,0.00
USW00093821,LOUISVILLE INTERNATIONAL AIRPORT, KY US,2020-08-12,0.00
USW00093821,LOUISVILLE INTERNATIONAL AIRPORT, KY US,2020-08-13,1.41
USW00093821,LOUISVILLE INTERNATIONAL AIRPORT, KY US,2020-08-14,1.01
USW00093821,LOUISVILLE INTERNATIONAL AIRPORT, KY US,2020-08-15,0.00
USW00093821,LOUISVILLE INTERNATIONAL AIRPORT, KY US,2020-08-16,0.00
USW00093821,LOUISVILLE INTERNATIONAL AIRPORT, KY US,2020-08-17,0.00
USW00093821,LOUISVILLE INTERNATIONAL AIRPORT, KY US,2020-08-18,0.00
USW00093821,LOUISVILLE INTERNATIONAL AIRPORT, KY US,2020-08-19,0.00
USW00093821,LOUISVILLE INTERNATIONAL AIRPORT, KY US,2020-08-20,0.00
USW00093821,LOUISVILLE INTERNATIONAL AIRPORT, KY US,2020-08-21,0.42
USW00093821,LOUISVILLE INTERNATIONAL AIRPORT, KY US,2020-08-22,1.28
USW00093821,LOUISVILLE INTERNATIONAL AIRPORT, KY US,2020-08-23,0.00
USW00093821,LOUISVILLE INTERNATIONAL AIRPORT, KY US,2020-08-24,0.00
USW00093821,LOUISVILLE INTERNATIONAL AIRPORT, KY US,2020-08-25,0.00
USW00093821,LOUISVILLE INTERNATIONAL AIRPORT, KY US,2020-08-26,0.00
USW00093821,LOUISVILLE INTERNATIONAL AIRPORT, KY US,2020-08-27,0.00
USW00093821,LOUISVILLE INTERNATIONAL AIRPORT, KY US,2020-08-28,0.51
USW00093821,LOUISVILLE INTERNATIONAL AIRPORT, KY US,2020-08-29,0.00
USW00093821,LOUISVILLE INTERNATIONAL AIRPORT, KY US,2020-08-30,0.00
USW00093821,LOUISVILLE INTERNATIONAL AIRPORT, KY US,2020-08-31,0.10
USW00093821,LOUISVILLE INTERNATIONAL AIRPORT, KY US,2020-09-01,0.00
USW00093821,LOUISVILLE INTERNATIONAL AIRPORT, KY US,2020-09-02,0.55
USW00093821,LOUISVILLE INTERNATIONAL AIRPORT, KY US,2020-09-03,2.32
USW00093821,LOUISVILLE INTERNATIONAL AIRPORT, KY US,2020-09-04,0.00
USW00093821,LOUISVILLE INTERNATIONAL AIRPORT, KY US,2020-09-05,0.00
USW00093821,LOUISVILLE INTERNATIONAL AIRPORT, KY US,2020-09-06,0.00
USW00093821,LOUISVILLE INTERNATIONAL AIRPORT, KY US,2020-09-07,0.00
USW00093821,LOUISVILLE INTERNATIONAL AIRPORT, KY US,2020-09-08,0.00
USW00093821,LOUISVILLE INTERNATIONAL AIRPORT, KY US,2020-09-09,0.00
USW00093821,LOUISVILLE INTERNATIONAL AIRPORT, KY US,2020-09-10,0.00
USW00093821,LOUISVILLE INTERNATIONAL AIRPORT, KY US,2020-09-11,0.00
USW00093821,LOUISVILLE INTERNATIONAL AIRPORT, KY US,2020-09-12,0.03
USW00093821,LOUISVILLE INTERNATIONAL AIRPORT, KY US,2020-09-13,0.00
USW00093821,LOUISVILLE INTERNATIONAL AIRPORT, KY US,2020-09-14,0.00
USW00093821,LOUISVILLE INTERNATIONAL AIRPORT, KY US,2020-09-15,0.00
USW00093821,LOUISVILLE INTERNATIONAL AIRPORT, KY US,2020-09-16,0.00
USW00093821,LOUISVILLE INTERNATIONAL AIRPORT, KY US,2020-09-17,0.00
USW00093821,LOUISVILLE INTERNATIONAL AIRPORT, KY US,2020-09-18,0.00
USW00093821,LOUISVILLE INTERNATIONAL AIRPORT, KY US,2020-09-19,0.00
USW00093821,LOUISVILLE INTERNATIONAL AIRPORT, KY US,2020-09-20,0.00
USW00093821,LOUISVILLE INTERNATIONAL AIRPORT, KY US,2020-09-21,0.00
USW00093821,LOUISVILLE INTERNATIONAL AIRPORT, KY US,2020-09-22,0.00
USW00093821,LOUISVILLE INTERNATIONAL AIRPORT, KY US,2020-09-23,0.00
USW00093821,LOUISVILLE INTERNATIONAL AIRPORT, KY US,2020-09-24,0.03
USW00093821,LOUISVILLE INTERNATIONAL AIRPORT, KY US,2020-09-25,0.00
USW00093821,LOUISVILLE INTERNATIONAL AIRPORT, KY US,2020-09-26,0.00
USW00093821,LOUISVILLE INTERNATIONAL AIRPORT, KY US,2020-09-27,0.00
USW00093821,LOUISVILLE INTERNATIONAL AIRPORT, KY US,2020-09-28,0.24
USW00093821,LOUISVILLE INTERNATIONAL AIRPORT, KY US,2020-09-29,0.01
USW00093821,LOUISVILLE INTERNATIONAL AIRPORT, KY US,2020-09-30,0.00
USW00093821,LOUISVILLE INTERNATIONAL AIRPORT, KY US,2020-10-01,0.00
USW00093821,LOUISVILLE INTERNATIONAL AIRPORT, KY US,2020-10-02,0.00
USW00093821,LOUISVILLE INTERNATIONAL AIRPORT, KY US,2020-10-03,0.01
USW00093821,LOUISVILLE INTERNATIONAL AIRPORT, KY US,2020-10-04,0.01
USW00093821,LOUISVILLE INTERNATIONAL AIRPORT, KY US,2020-10-05,0.00
USW00093821,LOUISVILLE INTERNATIONAL AIRPORT, KY US,2020-10-06,0.00
USW00093821,LOUISVILLE INTERNATIONAL AIRPORT, KY US,2020-10-07,0.00
USW00093821,LOUISVILLE INTERNATIONAL AIRPORT, KY US,2020-10-08,0.00
USW00093821,LOUISVILLE INTERNATIONAL AIRPORT, KY US,2020-10-09,0.00
USW00093821,LOUISVILLE INTERNATIONAL AIRPORT, KY US,2020-10-10,0.00
USW00093821,LOUISVILLE INTERNATIONAL AIRPORT, KY US,2020-10-11,0.00
USW00093821,LOUISVILLE INTERNATIONAL AIRPORT, KY US,2020-10-12,0.02
USW00093821,LOUISVILLE INTERNATIONAL AIRPORT, KY US,2020-10-13,0.00
USW00093821,LOUISVILLE INTERNATIONAL AIRPORT, KY US,2020-10-14,0.00
USW00093821,LOUISVILLE INTERNATIONAL AIRPORT, KY US,2020-10-15,0.03
USW00093821,LOUISVILLE INTERNATIONAL AIRPORT, KY US,2020-10-16,0.00
USW00093821,LOUISVILLE INTERNATIONAL AIRPORT, KY US,2020-10-17,0.00
USW00093821,LOUISVILLE INTERNATIONAL AIRPORT, KY US,2020-10-18,0.03
USW00093821,LOUISVILLE INTERNATIONAL AIRPORT, KY US,2020-10-19,1.34
USW00093821,LOUISVILLE INTERNATIONAL AIRPORT, KY US,2020-10-20,0.71
USW00093821,LOUISVILLE INTERNATIONAL AIRPORT, KY US,2020-10-21,0.00
USW00093821,LOUISVILLE INTERNATIONAL AIRPORT, KY US,2020-10-22,0.00
USW00093821,LOUISVILLE INTERNATIONAL AIRPORT, KY US,2020-10-23,0.43
USW00093821,LOUISVILLE INTERNATIONAL AIRPORT, KY US,2020-10-24,0.00
USW00093821,LOUISVILLE INTERNATIONAL AIRPORT, KY US,2020-10-25,0.01
USW00093821,LOUISVILLE INTERNATIONAL AIRPORT, KY US,2020-10-26,0.00
USW00093821,LOUISVILLE INTERNATIONAL AIRPORT, KY US,2020-10-27,0.01
USW00093821,LOUISVILLE INTERNATIONAL AIRPORT, KY US,2020-10-28,0.32
USW00093821,LOUISVILLE INTERNATIONAL AIRPORT, KY US,2020-10-29,2.29
USW00093821,LOUISVILLE INTERNATIONAL AIRPORT, KY US,2020-10-30,0.00
USW00093821,LOUISVILLE INTERNATIONAL AIRPORT, KY US,2020-10-31,0.00
USW00093821,LOUISVILLE INTERNATIONAL AIRPORT, KY US,2020-11-01,0.00
USW00093821,LOUISVILLE INTERNATIONAL AIRPORT, KY US,2020-11-02,0.00
USW00093821,LOUISVILLE INTERNATIONAL AIRPORT, KY US,2020-11-03,0.00
USW00093821,LOUISVILLE INTERNATIONAL AIRPORT, KY US,2020-11-04,0.00
USW00093821,LOUISVILLE INTERNATIONAL AIRPORT, KY US,2020-11-05,0.00
USW00093821,LOUISVILLE INTERNATIONAL AIRPORT, KY US,2020-11-06,0.00
USW00093821,LOUISVILLE INTERNATIONAL AIRPORT, KY US,2020-11-07,0.00
USW00093821,LOUISVILLE INTERNATIONAL AIRPORT, KY US,2020-11-08,0.00
USW00093821,LOUISVILLE INTERNATIONAL AIRPORT, KY US,2020-11-09,0.00
USW00093821,LOUISVILLE INTERNATIONAL AIRPORT, KY US,2020-11-10,0.12
USW00093821,LOUISVILLE INTERNATIONAL AIRPORT, KY US,2020-11-11,0.16
USW00093821,LOUISVILLE INTERNATIONAL AIRPORT, KY US,2020-11-12,0.00
USW00093821,LOUISVILLE INTERNATIONAL AIRPORT, KY US,2020-11-13,0.00
USW00093821,LOUISVILLE INTERNATIONAL AIRPORT, KY US,2020-11-14,0.00
USW00093821,LOUISVILLE INTERNATIONAL AIRPORT, KY US,2020-11-15,0.71
USW00093821,LOUISVILLE INTERNATIONAL AIRPORT, KY US,2020-11-16,0.00
USW00093821,LOUISVILLE INTERNATIONAL AIRPORT, KY US,2020-11-17,0.00
USW00093821,LOUISVILLE INTERNATIONAL AIRPORT, KY US,2020-11-18,0.00
USW00093821,LOUISVILLE INTERNATIONAL AIRPORT, KY US,2020-11-19,0.00
USW00093821,LOUISVILLE INTERNATIONAL AIRPORT, KY US,2020-11-20,0.00
USW00093821,LOUISVILLE INTERNATIONAL AIRPORT, KY US,2020-11-21,0.07
USW00093821,LOUISVILLE INTERNATIONAL AIRPORT, KY US,2020-11-22,0.11
USW00093821,LOUISVILLE INTERNATIONAL AIRPORT, KY US,2020-11-23,0.00
USW00093821,LOUISVILLE INTERNATIONAL AIRPORT, KY US,2020-11-24,0.00
USW00093821,LOUISVILLE INTERNATIONAL AIRPORT, KY US,2020-11-25,0.73
USW00093821,LOUISVILLE INTERNATIONAL AIRPORT, KY US,2020-11-26,0.00
USW00093821,LOUISVILLE INTERNATIONAL AIRPORT, KY US,2020-11-27,0.00
USW00093821,LOUISVILLE INTERNATIONAL AIRPORT, KY US,2020-11-28,0.00
USW00093821,LOUISVILLE INTERNATIONAL AIRPORT, KY US,2020-11-29,0.15
USW00093821,LOUISVILLE INTERNATIONAL AIRPORT, KY US,2020-11-30,0.62
USW00093821,LOUISVILLE INTERNATIONAL AIRPORT, KY US,2020-12-01,0.00
USW00093821,LOUISVILLE INTERNATIONAL AIRPORT, KY US,2020-12-02,0.00
USW00093821,LOUISVILLE INTERNATIONAL AIRPORT, KY US,2020-12-03,0.00
USW00093821,LOUISVILLE INTERNATIONAL AIRPORT, KY US,2020-12-04,0.01
USW00093821,LOUISVILLE INTERNATIONAL AIRPORT, KY US,2020-12-05,0.00
USW00093821,LOUISVILLE INTERNATIONAL AIRPORT, KY US,2020-12-06,0.00
USW00093821,LOUISVILLE INTERNATIONAL AIRPORT, KY US,2020-12-07,0.00
USW00093821,LOUISVILLE INTERNATIONAL AIRPORT, KY US,2020-12-08,0.00
USW00093821,LOUISVILLE INTERNATIONAL AIRPORT, KY US,2020-12-09,0.00
USW00093821,LOUISVILLE INTERNATIONAL AIRPORT, KY US,2020-12-10,0.00
USW00093821,LOUISVILLE INTERNATIONAL AIRPORT, KY US,2020-12-11,0.00
USW00093821,LOUISVILLE INTERNATIONAL AIRPORT, KY US,2020-12-12,0.10
USW00093821,LOUISVILLE INTERNATIONAL AIRPORT, KY US,2020-12-13,0.08
USW00093821,LOUISVILLE INTERNATIONAL AIRPORT, KY US,2020-12-14,0.04
USW00093821,LOUISVILLE INTERNATIONAL AIRPORT, KY US,2020-12-15,0.00
USW00093821,LOUISVILLE INTERNATIONAL AIRPORT, KY US,2020-12-16,0.32
USW00093821,LOUISVILLE INTERNATIONAL AIRPORT, KY US,2020-12-17,0.00
USW00093821,LOUISVILLE INTERNATIONAL AIRPORT, KY US,2020-12-18,0.00
USW00093821,LOUISVILLE INTERNATIONAL AIRPORT, KY US,2020-12-19,0.13
USW00093821,LOUISVILLE INTERNATIONAL AIRPORT, KY US,2020-12-20,0.12
USW00093821,LOUISVILLE INTERNATIONAL AIRPORT, KY US,2020-12-21,0.00
USW00093821,LOUISVILLE INTERNATIONAL AIRPORT, KY US,2020-12-22,0.00
USW00093821,LOUISVILLE INTERNATIONAL AIRPORT, KY US,2020-12-23,0.10
USW00093821,LOUISVILLE INTERNATIONAL AIRPORT, KY US,2020-12-24,0.25
USW00093821,LOUISVILLE INTERNATIONAL AIRPORT, KY US,2020-12-25,0.00
USW00093821,LOUISVILLE INTERNATIONAL AIRPORT, KY US,2020-12-26,0.00
USW00093821,LOUISVILLE INTERNATIONAL AIRPORT, KY US,2020-12-27,0.00
USW00093821,LOUISVILLE INTERNATIONAL AIRPORT, KY US,2020-12-28,0.00
USW00093821,LOUISVILLE INTERNATIONAL AIRPORT, KY US,2020-12-29,0.00
USW00093821,LOUISVILLE INTERNATIONAL AIRPORT, KY US,2020-12-30,1.03
USW00093821,LOUISVILLE INTERNATIONAL AIRPORT, KY US,2020-12-31,0.34
USW00093821,LOUISVILLE INTERNATIONAL AIRPORT, KY US,2021-01-01,0.95
USW00093821,LOUISVILLE INTERNATIONAL AIRPORT, KY US,2021-01-02,0.00
USW00093821,LOUISVILLE INTERNATIONAL AIRPORT, KY US,2021-01-03,0.00
USW00093821,LOUISVILLE INTERNATIONAL AIRPORT, KY US,2021-01-04,0.00
USW00093821,LOUISVILLE INTERNATIONAL AIRPORT, KY US,2021-01-05,0.01
USW00093821,LOUISVILLE INTERNATIONAL AIRPORT, KY US,2021-01-06,0.00
USW00093821,LOUISVILLE INTERNATIONAL AIRPORT, KY US,2021-01-07,0.05
USW00093821,LOUISVILLE INTERNATIONAL AIRPORT, KY US,2021-01-08,0.07
USW00093821,LOUISVILLE INTERNATIONAL AIRPORT, KY US,2021-01-09,0.00
USW00093821,LOUISVILLE INTERNATIONAL AIRPORT, KY US,2021-01-10,0.00
USW00093821,LOUISVILLE INTERNATIONAL AIRPORT, KY US,2021-01-11,0.00
USW00093821,LOUISVILLE INTERNATIONAL AIRPORT, KY US,2021-01-12,0.00
USW00093821,LOUISVILLE INTERNATIONAL AIRPORT, KY US,2021-01-13,0.00
USW00093821,LOUISVILLE INTERNATIONAL AIRPORT, KY US,2021-01-14,0.00
USW00093821,LOUISVILLE INTERNATIONAL AIRPORT, KY US,2021-01-15,0.06
USW00093821,LOUISVILLE INTERNATIONAL AIRPORT, KY US,2021-01-16,0.04
USW00093821,LOUISVILLE INTERNATIONAL AIRPORT, KY US,2021-01-17,0.10
USW00093821,LOUISVILLE INTERNATIONAL AIRPORT, KY US,2021-01-18,0.01
USW00093821,LOUISVILLE INTERNATIONAL AIRPORT, KY US,2021-01-19,0.00
USW00093821,LOUISVILLE INTERNATIONAL AIRPORT, KY US,2021-01-20,0.00
USW00093821,LOUISVILLE INTERNATIONAL AIRPORT, KY US,2021-01-21,0.00
USW00093821,LOUISVILLE INTERNATIONAL AIRPORT, KY US,2021-01-22,0.00
USW00093821,LOUISVILLE INTERNATIONAL AIRPORT, KY US,2021-01-23,0.00
USW00093821,LOUISVILLE INTERNATIONAL AIRPORT, KY US,2021-01-24,0.12
USW00093821,LOUISVILLE INTERNATIONAL AIRPORT, KY US,2021-01-25,1.71
USW00093821,LOUISVILLE INTERNATIONAL AIRPORT, KY US,2021-01-26,0.00
USW00093821,LOUISVILLE INTERNATIONAL AIRPORT, KY US,2021-01-27,0.19
USW00093821,LOUISVILLE INTERNATIONAL AIRPORT, KY US,2021-01-28,0.00
USW00093821,LOUISVILLE INTERNATIONAL AIRPORT, KY US,2021-01-29,0.00
USW00093821,LOUISVILLE INTERNATIONAL AIRPORT, KY US,2021-01-30,0.34
USW00093821,LOUISVILLE INTERNATIONAL AIRPORT, KY US,2021-01-31,0.22
USW00093821,LOUISVILLE INTERNATIONAL AIRPORT, KY US,2021-02-01,0.07
USW00093821,LOUISVILLE INTERNATIONAL AIRPORT, KY US,2021-02-02,0.00
USW00093821,LOUISVILLE INTERNATIONAL AIRPORT, KY US,2021-02-03,0.00
USW00093821,LOUISVILLE INTERNATIONAL AIRPORT, KY US,2021-02-04,0.38
USW00093821,LOUISVILLE INTERNATIONAL AIRPORT, KY US,2021-02-05,0.00
USW00093821,LOUISVILLE INTERNATIONAL AIRPORT, KY US,2021-02-06,0.01
USW00093821,LOUISVILLE INTERNATIONAL AIRPORT, KY US,2021-02-07,0.03
USW00093821,LOUISVILLE INTERNATIONAL AIRPORT, KY US,2021-02-08,0.00
USW00093821,LOUISVILLE INTERNATIONAL AIRPORT, KY US,2021-02-09,0.03
USW00093821,LOUISVILLE INTERNATIONAL AIRPORT, KY US,2021-02-10,0.85
USW00093821,LOUISVILLE INTERNATIONAL AIRPORT, KY US,2021-02-11,0.05
USW00093821,LOUISVILLE INTERNATIONAL AIRPORT, KY US,2021-02-12,0.00
USW00093821,LOUISVILLE INTERNATIONAL AIRPORT, KY US,2021-02-13,0.00
USW00093821,LOUISVILLE INTERNATIONAL AIRPORT, KY US,2021-02-14,0.00
USW00093821,LOUISVILLE INTERNATIONAL AIRPORT, KY US,2021-02-15,0.46
USW00093821,LOUISVILLE INTERNATIONAL AIRPORT, KY US,2021-02-16,0.03
USW00093821,LOUISVILLE INTERNATIONAL AIRPORT, KY US,2021-02-17,0.06
USW00093821,LOUISVILLE INTERNATIONAL AIRPORT, KY US,2021-02-18,0.11
USW00093821,LOUISVILLE INTERNATIONAL AIRPORT, KY US,2021-02-19,0.00
USW00093821,LOUISVILLE INTERNATIONAL AIRPORT, KY US,2021-02-20,0.00
USW00093821,LOUISVILLE INTERNATIONAL AIRPORT, KY US,2021-02-21,0.00
USW00093821,LOUISVILLE INTERNATIONAL AIRPORT, KY US,2021-02-22,0.03
USW00093821,LOUISVILLE INTERNATIONAL AIRPORT, KY US,2021-02-23,0.00
USW00093821,LOUISVILLE INTERNATIONAL AIRPORT, KY US,2021-02-24,0.00
USW00093821,LOUISVILLE INTERNATIONAL AIRPORT, KY US,2021-02-25,0.00
USW00093821,LOUISVILLE INTERNATIONAL AIRPORT, KY US,2021-02-26,0.05
USW00093821,LOUISVILLE INTERNATIONAL AIRPORT, KY US,2021-02-27,0.15
USW00093821,LOUISVILLE INTERNATIONAL AIRPORT, KY US,2021-02-28,3.54
USW00093821,LOUISVILLE INTERNATIONAL AIRPORT, KY US,2021-03-01,0.00
USW00093821,LOUISVILLE INTERNATIONAL AIRPORT, KY US,2021-03-02,0.00
USW00093821,LOUISVILLE INTERNATIONAL AIRPORT, KY US,2021-03-03,0.00
USW00093821,LOUISVILLE INTERNATIONAL AIRPORT, KY US,2021-03-04,0.00
USW00093821,LOUISVILLE INTERNATIONAL AIRPORT, KY US,2021-03-05,0.00
USW00093821,LOUISVILLE INTERNATIONAL AIRPORT, KY US,2021-03-06,0.00
USW00093821,LOUISVILLE INTERNATIONAL AIRPORT, KY US,2021-03-07,0.00
USW00093821,LOUISVILLE INTERNATIONAL AIRPORT, KY US,2021-03-08,0.00
USW00093821,LOUISVILLE INTERNATIONAL AIRPORT, KY US,2021-03-09,0.00
USW00093821,LOUISVILLE INTERNATIONAL AIRPORT, KY US,2021-03-10,0.00
USW00093821,LOUISVILLE INTERNATIONAL AIRPORT, KY US,2021-03-11,1.16
USW00093821,LOUISVILLE INTERNATIONAL AIRPORT, KY US,2021-03-12,0.54
USW00093821,LOUISVILLE INTERNATIONAL AIRPORT, KY US,2021-03-13,0.00
USW00093821,LOUISVILLE INTERNATIONAL AIRPORT, KY US,2021-03-14,0.02
USW00093821,LOUISVILLE INTERNATIONAL AIRPORT, KY US,2021-03-15,0.36
USW00093821,LOUISVILLE INTERNATIONAL AIRPORT, KY US,2021-03-16,0.00
USW00093821,LOUISVILLE INTERNATIONAL AIRPORT, KY US,2021-03-17,0.15
USW00093821,LOUISVILLE INTERNATIONAL AIRPORT, KY US,2021-03-18,0.65
USW00093821,LOUISVILLE INTERNATIONAL AIRPORT, KY US,2021-03-19,0.00
USW00093821,LOUISVILLE INTERNATIONAL AIRPORT, KY US,2021-03-20,0.00
USW00093821,LOUISVILLE INTERNATIONAL AIRPORT, KY US,2021-03-21,0.00
USW00093821,LOUISVILLE INTERNATIONAL AIRPORT, KY US,2021-03-22,0.00
USW00093821,LOUISVILLE INTERNATIONAL AIRPORT, KY US,2021-03-23,0.02
USW00093821,LOUISVILLE INTERNATIONAL AIRPORT, KY US,2021-03-24,0.00
USW00093821,LOUISVILLE INTERNATIONAL AIRPORT, KY US,2021-03-25,0.59
USW00093821,LOUISVILLE INTERNATIONAL AIRPORT, KY US,2021-03-26,0.00
USW00093821,LOUISVILLE INTERNATIONAL AIRPORT, KY US,2021-03-27,0.00
USW00093821,LOUISVILLE INTERNATIONAL AIRPORT, KY US,2021-03-28,0.02
USW00093821,LOUISVILLE INTERNATIONAL AIRPORT, KY US,2021-03-29,0.00
USW00093821,LOUISVILLE INTERNATIONAL AIRPORT, KY US,2021-03-30,0.58
USW00093821,LOUISVILLE INTERNATIONAL AIRPORT, KY US,2021-03-31,0.67
USW00093821,LOUISVILLE INTERNATIONAL AIRPORT, KY US,2021-04-01,0.00
USW00093821,LOUISVILLE INTERNATIONAL AIRPORT, KY US,2021-04-02,0.00
USW00093821,LOUISVILLE INTERNATIONAL AIRPORT, KY US,2021-04-03,0.00
USW00093821,LOUISVILLE INTERNATIONAL AIRPORT, KY US,2021-04-04,0.00
USW00093821,LOUISVILLE INTERNATIONAL AIRPORT, KY US,2021-04-05,0.00
USW00093821,LOUISVILLE INTERNATIONAL AIRPORT, KY US,2021-04-06,0.00
USW00093821,LOUISVILLE INTERNATIONAL AIRPORT, KY US,2021-04-07,0.37
USW00093821,LOUISVILLE INTERNATIONAL AIRPORT, KY US,2021-04-08,0.05
USW00093821,LOUISVILLE INTERNATIONAL AIRPORT, KY US,2021-04-09,0.00
USW00093821,LOUISVILLE INTERNATIONAL AIRPORT, KY US,2021-04-10,0.90
USW00093821,LOUISVILLE INTERNATIONAL AIRPORT, KY US,2021-04-11,0.11
USW00093821,LOUISVILLE INTERNATIONAL AIRPORT, KY US,2021-04-12,0.00
USW00093821,LOUISVILLE INTERNATIONAL AIRPORT, KY US,2021-04-13,0.00
USW00093821,LOUISVILLE INTERNATIONAL AIRPORT, KY US,2021-04-14,0.14
USW00093821,LOUISVILLE INTERNATIONAL AIRPORT, KY US,2021-04-15,0.00
USW00093821,LOUISVILLE INTERNATIONAL AIRPORT, KY US,2021-04-16,0.00
USW00093821,LOUISVILLE INTERNATIONAL AIRPORT, KY US,2021-04-17,0.00
USW00093821,LOUISVILLE INTERNATIONAL AIRPORT, KY US,2021-04-18,0.00
USW00093821,LOUISVILLE INTERNATIONAL AIRPORT, KY US,2021-04-19,0.00
USW00093821,LOUISVILLE INTERNATIONAL AIRPORT, KY US,2021-04-20,0.27
USW00093821,LOUISVILLE INTERNATIONAL AIRPORT, KY US,2021-04-21,0.14
USW00093821,LOUISVILLE INTERNATIONAL AIRPORT, KY US,2021-04-22,0.00
USW00093821,LOUISVILLE INTERNATIONAL AIRPORT, KY US,2021-04-23,0.00
USW00093821,LOUISVILLE INTERNATIONAL AIRPORT, KY US,2021-04-24,0.35
USW00093821,LOUISVILLE INTERNATIONAL AIRPORT, KY US,2021-04-25,0.00
USW00093821,LOUISVILLE INTERNATIONAL AIRPORT, KY US,2021-04-26,0.00
USW00093821,LOUISVILLE INTERNATIONAL AIRPORT, KY US,2021-04-27,0.00
USW00093821,LOUISVILLE INTERNATIONAL AIRPORT, KY US,2021-04-28,1.14
USW00093821,LOUISVILLE INTERNATIONAL AIRPORT, KY US,2021-04-29,0.53
USW00093821,LOUISVILLE INTERNATIONAL AIRPORT, KY US,2021-04-30,0.00
USW00093821,LOUISVILLE INTERNATIONAL AIRPORT, KY US,2021-05-01,0.00
USW00093821,LOUISVILLE INTERNATIONAL AIRPORT, KY US,2021-05-02,0.05
USW00093821,LOUISVILLE INTERNATIONAL AIRPORT, KY US,2021-05-03,0.52
USW00093821,LOUISVILLE INTERNATIONAL AIRPORT, KY US,2021-05-04,0.65
USW00093821,LOUISVILLE INTERNATIONAL AIRPORT, KY US,2021-05-05,0.38
USW00093821,LOUISVILLE INTERNATIONAL AIRPORT, KY US,2021-05-06,0.00
USW00093821,LOUISVILLE INTERNATIONAL AIRPORT, KY US,2021-05-07,0.00
USW00093821,LOUISVILLE INTERNATIONAL AIRPORT, KY US,2021-05-08,0.01
USW00093821,LOUISVILLE INTERNATIONAL AIRPORT, KY US,2021-05-09,0.32
USW00093821,LOUISVILLE INTERNATIONAL AIRPORT, KY US,2021-05-10,0.00
USW00093821,LOUISVILLE INTERNATIONAL AIRPORT, KY US,2021-05-11,0.00
USW00093821,LOUISVILLE INTERNATIONAL AIRPORT, KY US,2021-05-12,0.00
USW00093821,LOUISVILLE INTERNATIONAL AIRPORT, KY US,2021-05-13,0.00
USW00093821,LOUISVILLE INTERNATIONAL AIRPORT, KY US,2021-05-14,0.00
USW00093821,LOUISVILLE INTERNATIONAL AIRPORT, KY US,2021-05-15,0.00
USW00093821,LOUISVILLE INTERNATIONAL AIRPORT, KY US,2021-05-16,0.03
USW00093821,LOUISVILLE INTERNATIONAL AIRPORT, KY US,2021-05-17,0.00
USW00093821,LOUISVILLE INTERNATIONAL AIRPORT, KY US,2021-05-18,0.00
USW00093821,LOUISVILLE INTERNATIONAL AIRPORT, KY US,2021-05-19,0.00
USW00093821,LOUISVILLE INTERNATIONAL AIRPORT, KY US,2021-05-20,0.00
USW00093821,LOUISVILLE INTERNATIONAL AIRPORT, KY US,2021-05-21,0.00
USW00093821,LOUISVILLE INTERNATIONAL AIRPORT, KY US,2021-05-22,0.00
USW00093821,LOUISVILLE INTERNATIONAL AIRPORT, KY US,2021-05-23,0.00
USW00093821,LOUISVILLE INTERNATIONAL AIRPORT, KY US,2021-05-24,0.00
USW00093821,LOUISVILLE INTERNATIONAL AIRPORT, KY US,2021-05-25,0.00
USW00093821,LOUISVILLE INTERNATIONAL AIRPORT, KY US,2021-05-26,0.87
USW00093821,LOUISVILLE INTERNATIONAL AIRPORT, KY US,2021-05-27,0.00
USW00093821,LOUISVILLE INTERNATIONAL AIRPORT, KY US,2021-05-28,0.11
USW00093821,LOUISVILLE INTERNATIONAL AIRPORT, KY US,2021-05-29,0.01
USW00093821,LOUISVILLE INTERNATIONAL AIRPORT, KY US,2021-05-30,0.00
USW00093821,LOUISVILLE INTERNATIONAL AIRPORT, KY US,2021-05-31,0.00
USW00093821,LOUISVILLE INTERNATIONAL AIRPORT, KY US,2021-06-01,0.11
USW00093821,LOUISVILLE INTERNATIONAL AIRPORT, KY US,2021-06-02,0.77
USW00093821,LOUISVILLE INTERNATIONAL AIRPORT, KY US,2021-06-03,1.98
USW00093821,LOUISVILLE INTERNATIONAL AIRPORT, KY US,2021-06-04,0.00
USW00093821,LOUISVILLE INTERNATIONAL AIRPORT, KY US,2021-06-05,0.00
USW00093821,LOUISVILLE INTERNATIONAL AIRPORT, KY US,2021-06-06,0.55
USW00093821,LOUISVILLE INTERNATIONAL AIRPORT, KY US,2021-06-07,0.56
USW00093821,LOUISVILLE INTERNATIONAL AIRPORT, KY US,2021-06-08,0.18
USW00093821,LOUISVILLE INTERNATIONAL AIRPORT, KY US,2021-06-09,0.02
USW00093821,LOUISVILLE INTERNATIONAL AIRPORT, KY US,2021-06-10,0.10
USW00093821,LOUISVILLE INTERNATIONAL AIRPORT, KY US,2021-06-11,0.08
USW00093821,LOUISVILLE INTERNATIONAL AIRPORT, KY US,2021-06-12,0.00
USW00093821,LOUISVILLE INTERNATIONAL AIRPORT, KY US,2021-06-13,0.00
USW00093821,LOUISVILLE INTERNATIONAL AIRPORT, KY US,2021-06-14,0.00
USW00093821,LOUISVILLE INTERNATIONAL AIRPORT, KY US,2021-06-15,0.00
USW00093821,LOUISVILLE INTERNATIONAL AIRPORT, KY US,2021-06-16,0.00
USW00093821,LOUISVILLE INTERNATIONAL AIRPORT, KY US,2021-06-17,0.00
USW00093821,LOUISVILLE INTERNATIONAL AIRPORT, KY US,2021-06-18,0.00
USW00093821,LOUISVILLE INTERNATIONAL AIRPORT, KY US,2021-06-19,0.00
USW00093821,LOUISVILLE INTERNATIONAL AIRPORT, KY US,2021-06-20,0.00
USW00093821,LOUISVILLE INTERNATIONAL AIRPORT, KY US,2021-06-21,0.13
USW00093821,LOUISVILLE INTERNATIONAL AIRPORT, KY US,2021-06-22,0.00
USW00093821,LOUISVILLE INTERNATIONAL AIRPORT, KY US,2021-06-23,0.00
USW00093821,LOUISVILLE INTERNATIONAL AIRPORT, KY US,2021-06-24,0.00
USW00093821,LOUISVILLE INTERNATIONAL AIRPORT, KY US,2021-06-25,0.00
USW00093821,LOUISVILLE INTERNATIONAL AIRPORT, KY US,2021-06-26,0.00
USW00093821,LOUISVILLE INTERNATIONAL AIRPORT, KY US,2021-06-27,0.00
USW00093821,LOUISVILLE INTERNATIONAL AIRPORT, KY US,2021-06-28,0.00
USW00093821,LOUISVILLE INTERNATIONAL AIRPORT, KY US,2021-06-29,0.00
USW00093821,LOUISVILLE INTERNATIONAL AIRPORT, KY US,2021-06-30,0.01
USW00093821,LOUISVILLE INTERNATIONAL AIRPORT, KY US,2021-07-01,2.92
USW00093821,LOUISVILLE INTERNATIONAL AIRPORT, KY US,2021-07-02,0.00
USW00093821,LOUISVILLE INTERNATIONAL AIRPORT, KY US,2021-07-03,0.00
USW00093821,LOUISVILLE INTERNATIONAL AIRPORT, KY US,2021-07-04,0.00
USW00093821,LOUISVILLE INTERNATIONAL AIRPORT, KY US,2021-07-05,0.00
USW00093821,LOUISVILLE INTERNATIONAL AIRPORT, KY US,2021-07-06,0.04
USW00093821,LOUISVILLE INTERNATIONAL AIRPORT, KY US,2021-07-07,0.00
USW00093821,LOUISVILLE INTERNATIONAL AIRPORT, KY US,2021-07-08,0.07
USW00093821,LOUISVILLE INTERNATIONAL AIRPORT, KY US,2021-07-09,0.00
USW00093821,LOUISVILLE INTERNATIONAL AIRPORT, KY US,2021-07-10,0.78
USW00093821,LOUISVILLE INTERNATIONAL AIRPORT, KY US,2021-07-11,0.24
USW00093821,LOUISVILLE INTERNATIONAL AIRPORT, KY US,2021-07-12,0.51
USW00093821,LOUISVILLE INTERNATIONAL AIRPORT, KY US,2021-07-13,0.08
USW00093821,LOUISVILLE INTERNATIONAL AIRPORT, KY US,2021-07-14,0.00
USW00093821,LOUISVILLE INTERNATIONAL AIRPORT, KY US,2021-07-15,0.00
USW00093821,LOUISVILLE INTERNATIONAL AIRPORT, KY US,2021-07-16,0.22
USW00093821,LOUISVILLE INTERNATIONAL AIRPORT, KY US,2021-07-17,0.29
USW00093821,LOUISVILLE INTERNATIONAL AIRPORT, KY US,2021-07-18,0.00
USW00093821,LOUISVILLE INTERNATIONAL AIRPORT, KY US,2021-07-19,0.00
USW00093821,LOUISVILLE INTERNATIONAL AIRPORT, KY US,2021-07-20,0.00
USW00093821,LOUISVILLE INTERNATIONAL AIRPORT, KY US,2021-07-21,0.00
USW00093821,LOUISVILLE INTERNATIONAL AIRPORT, KY US,2021-07-22,0.00
USW00093821,LOUISVILLE INTERNATIONAL AIRPORT, KY US,2021-07-23,0.00
USW00093821,LOUISVILLE INTERNATIONAL AIRPORT, KY US,2021-07-24,0.00
USW00093821,LOUISVILLE INTERNATIONAL AIRPORT, KY US,2021-07-25,0.00
USW00093821,LOUISVILLE INTERNATIONAL AIRPORT, KY US,2021-07-26,0.00
USW00093821,LOUISVILLE INTERNATIONAL AIRPORT, KY US,2021-07-27,0.00
USW00093821,LOUISVILLE INTERNATIONAL AIRPORT, KY US,2021-07-28,0.00
USW00093821,LOUISVILLE INTERNATIONAL AIRPORT, KY US,2021-07-29,0.00
USW00093821,LOUISVILLE INTERNATIONAL AIRPORT, KY US,2021-07-30,0.00
USW00093821,LOUISVILLE INTERNATIONAL AIRPORT, KY US,2021-07-31,0.01
USW00093821,LOUISVILLE INTERNATIONAL AIRPORT, KY US,2021-08-01,0.00
USW00093821,LOUISVILLE INTERNATIONAL AIRPORT, KY US,2021-08-02,0.00
USW00093821,LOUISVILLE INTERNATIONAL AIRPORT, KY US,2021-08-03,0.00
USW00093821,LOUISVILLE INTERNATIONAL AIRPORT, KY US,2021-08-04,0.00
USW00093821,LOUISVILLE INTERNATIONAL AIRPORT, KY US,2021-08-05,0.00
USW00093821,LOUISVILLE INTERNATIONAL AIRPORT, KY US,2021-08-06,0.00
USW00093821,LOUISVILLE INTERNATIONAL AIRPORT, KY US,2021-08-07,0.00
USW00093821,LOUISVILLE INTERNATIONAL AIRPORT, KY US,2021-08-08,0.00
USW00093821,LOUISVILLE INTERNATIONAL AIRPORT, KY US,2021-08-09,0.86
USW00093821,LOUISVILLE INTERNATIONAL AIRPORT, KY US,2021-08-10,0.01
USW00093821,LOUISVILLE INTERNATIONAL AIRPORT, KY US,2021-08-11,0.00
USW00093821,LOUISVILLE INTERNATIONAL AIRPORT, KY US,2021-08-12,0.00
USW00093821,LOUISVILLE INTERNATIONAL AIRPORT, KY US,2021-08-13,0.00
USW00093821,LOUISVILLE INTERNATIONAL AIRPORT, KY US,2021-08-14,0.17
USW00093821,LOUISVILLE INTERNATIONAL AIRPORT, KY US,2021-08-15,0.00
USW00093821,LOUISVILLE INTERNATIONAL AIRPORT, KY US,2021-08-16,0.05
USW00093821,LOUISVILLE INTERNATIONAL AIRPORT, KY US,2021-08-17,0.00
USW00093821,LOUISVILLE INTERNATIONAL AIRPORT, KY US,2021-08-18,0.02
USW00093821,LOUISVILLE INTERNATIONAL AIRPORT, KY US,2021-08-19,0.31
USW00093821,LOUISVILLE INTERNATIONAL AIRPORT, KY US,2021-08-20,0.00
USW00093821,LOUISVILLE INTERNATIONAL AIRPORT, KY US,2021-08-21,0.00
USW00093821,LOUISVILLE INTERNATIONAL AIRPORT, KY US,2021-08-22,0.00
USW00093821,LOUISVILLE INTERNATIONAL AIRPORT, KY US,2021-08-23,0.00
USW00093821,LOUISVILLE INTERNATIONAL AIRPORT, KY US,2021-08-24,0.00
USW00093821,LOUISVILLE INTERNATIONAL AIRPORT, KY US,2021-08-25,0.30
USW00093821,LOUISVILLE INTERNATIONAL AIRPORT, KY US,2021-08-26,0.00
USW00093821,LOUISVILLE INTERNATIONAL AIRPORT, KY US,2021-08-27,0.01
USW00093821,LOUISVILLE INTERNATIONAL AIRPORT, KY US,2021-08-28,0.00
USW00093821,LOUISVILLE INTERNATIONAL AIRPORT, KY US,2021-08-29,0.00
USW00093821,LOUISVILLE INTERNATIONAL AIRPORT, KY US,2021-08-30,0.95
USW00093821,LOUISVILLE INTERNATIONAL AIRPORT, KY US,2021-08-31,0.59
USW00093821,LOUISVILLE INTERNATIONAL AIRPORT, KY US,2021-09-01,0.00
USW00093821,LOUISVILLE INTERNATIONAL AIRPORT, KY US,2021-09-02,0.00
USW00093821,LOUISVILLE INTERNATIONAL AIRPORT, KY US,2021-09-03,0.00
USW00093821,LOUISVILLE INTERNATIONAL AIRPORT, KY US,2021-09-04,0.00
USW00093821,LOUISVILLE INTERNATIONAL AIRPORT, KY US,2021-09-05,1.10
USW00093821,LOUISVILLE INTERNATIONAL AIRPORT, KY US,2021-09-06,0.00
USW00093821,LOUISVILLE INTERNATIONAL AIRPORT, KY US,2021-09-07,0.00
USW00093821,LOUISVILLE INTERNATIONAL AIRPORT, KY US,2021-09-08,0.11
USW00093821,LOUISVILLE INTERNATIONAL AIRPORT, KY US,2021-09-09,0.00
USW00093821,LOUISVILLE INTERNATIONAL AIRPORT, KY US,2021-09-10,0.00
USW00093821,LOUISVILLE INTERNATIONAL AIRPORT, KY US,2021-09-11,0.00
USW00093821,LOUISVILLE INTERNATIONAL AIRPORT, KY US,2021-09-12,0.00
USW00093821,LOUISVILLE INTERNATIONAL AIRPORT, KY US,2021-09-13,0.00
USW00093821,LOUISVILLE INTERNATIONAL AIRPORT, KY US,2021-09-14,0.00
USW00093821,LOUISVILLE INTERNATIONAL AIRPORT, KY US,2021-09-15,0.00
USW00093821,LOUISVILLE INTERNATIONAL AIRPORT, KY US,2021-09-16,0.00
USW00093821,LOUISVILLE INTERNATIONAL AIRPORT, KY US,2021-09-17,0.00
USW00093821,LOUISVILLE INTERNATIONAL AIRPORT, KY US,2021-09-18,0.00
USW00093821,LOUISVILLE INTERNATIONAL AIRPORT, KY US,2021-09-19,0.10
USW00093821,LOUISVILLE INTERNATIONAL AIRPORT, KY US,2021-09-20,1.78
USW00093821,LOUISVILLE INTERNATIONAL AIRPORT, KY US,2021-09-21,0.30
USW00093821,LOUISVILLE INTERNATIONAL AIRPORT, KY US,2021-09-22,1.30
USW00093821,LOUISVILLE INTERNATIONAL AIRPORT, KY US,2021-09-23,0.00
USW00093821,LOUISVILLE INTERNATIONAL AIRPORT, KY US,2021-09-24,0.00
USW00093821,LOUISVILLE INTERNATIONAL AIRPORT, KY US,2021-09-25,0.07
USW00093821,LOUISVILLE INTERNATIONAL AIRPORT, KY US,2021-09-26,0.00
USW00093821,LOUISVILLE INTERNATIONAL AIRPORT, KY US,2021-09-27,0.00
USW00093821,LOUISVILLE INTERNATIONAL AIRPORT, KY US,2021-09-28,0.00
USW00093821,LOUISVILLE INTERNATIONAL AIRPORT, KY US,2021-09-29,0.00
USW00093821,LOUISVILLE INTERNATIONAL AIRPORT, KY US,2021-09-30,0.00
USW00093821,LOUISVILLE INTERNATIONAL AIRPORT, KY US,2021-10-01,0.00
USW00093821,LOUISVILLE INTERNATIONAL AIRPORT, KY US,2021-10-02,0.01
USW00093821,LOUISVILLE INTERNATIONAL AIRPORT, KY US,2021-10-03,1.02
USW00093821,LOUISVILLE INTERNATIONAL AIRPORT, KY US,2021-10-04,0.00
USW00093821,LOUISVILLE INTERNATIONAL AIRPORT, KY US,2021-10-05,0.58
USW00093821,LOUISVILLE INTERNATIONAL AIRPORT, KY US,2021-10-06,0.12
USW00093821,LOUISVILLE INTERNATIONAL AIRPORT, KY US,2021-10-07,0.07
USW00093821,LOUISVILLE INTERNATIONAL AIRPORT, KY US,2021-10-08,0.00
USW00093821,LOUISVILLE INTERNATIONAL AIRPORT, KY US,2021-10-09,0.00
USW00093821,LOUISVILLE INTERNATIONAL AIRPORT, KY US,2021-10-10,0.00
USW00093821,LOUISVILLE INTERNATIONAL AIRPORT, KY US,2021-10-11,0.00
USW00093821,LOUISVILLE INTERNATIONAL AIRPORT, KY US,2021-10-12,0.00
USW00093821,LOUISVILLE INTERNATIONAL AIRPORT, KY US,2021-10-13,0.01
USW00093821,LOUISVILLE INTERNATIONAL AIRPORT, KY US,2021-10-14,0.00
USW00093821,LOUISVILLE INTERNATIONAL AIRPORT, KY US,2021-10-15,0.55
USW00093821,LOUISVILLE INTERNATIONAL AIRPORT, KY US,2021-10-16,0.05
USW00093821,LOUISVILLE INTERNATIONAL AIRPORT, KY US,2021-10-17,0.00
USW00093821,LOUISVILLE INTERNATIONAL AIRPORT, KY US,2021-10-18,0.00
USW00093821,LOUISVILLE INTERNATIONAL AIRPORT, KY US,2021-10-19,0.00
USW00093821,LOUISVILLE INTERNATIONAL AIRPORT, KY US,2021-10-20,0.00
USW00093821,LOUISVILLE INTERNATIONAL AIRPORT, KY US,2021-10-21,0.00
USW00093821,LOUISVILLE INTERNATIONAL AIRPORT, KY US,2021-10-22,0.00
USW00093821,LOUISVILLE INTERNATIONAL AIRPORT, KY US,2021-10-23,0.06
USW00093821,LOUISVILLE INTERNATIONAL AIRPORT, KY US,2021-10-24,0.18
USW00093821,LOUISVILLE INTERNATIONAL AIRPORT, KY US,2021-10-25,0.47
USW00093821,LOUISVILLE INTERNATIONAL AIRPORT, KY US,2021-10-26,0.00
USW00093821,LOUISVILLE INTERNATIONAL AIRPORT, KY US,2021-10-27,0.00
USW00093821,LOUISVILLE INTERNATIONAL AIRPORT, KY US,2021-10-28,0.19
USW00093821,LOUISVILLE INTERNATIONAL AIRPORT, KY US,2021-10-29,0.35
USW00093821,LOUISVILLE INTERNATIONAL AIRPORT, KY US,2021-10-30,0.38
USW00093821,LOUISVILLE INTERNATIONAL AIRPORT, KY US,2021-10-31,0.00
USW00093821,LOUISVILLE INTERNATIONAL AIRPORT, KY US,2021-11-01,0.00
USW00093821,LOUISVILLE INTERNATIONAL AIRPORT, KY US,2021-11-02,0.00
USW00093821,LOUISVILLE INTERNATIONAL AIRPORT, KY US,2021-11-03,0.00
USW00093821,LOUISVILLE INTERNATIONAL AIRPORT, KY US,2021-11-04,0.00
USW00093821,LOUISVILLE INTERNATIONAL AIRPORT, KY US,2021-11-05,0.00
USW00093821,LOUISVILLE INTERNATIONAL AIRPORT, KY US,2021-11-06,0.00
USW00093821,LOUISVILLE INTERNATIONAL AIRPORT, KY US,2021-11-07,0.00
USW00093821,LOUISVILLE INTERNATIONAL AIRPORT, KY US,2021-11-08,0.00
USW00093821,LOUISVILLE INTERNATIONAL AIRPORT, KY US,2021-11-09,0.00
USW00093821,LOUISVILLE INTERNATIONAL AIRPORT, KY US,2021-11-10,0.00
USW00093821,LOUISVILLE INTERNATIONAL AIRPORT, KY US,2021-11-11,0.41
USW00093821,LOUISVILLE INTERNATIONAL AIRPORT, KY US,2021-11-12,0.11
USW00093821,LOUISVILLE INTERNATIONAL AIRPORT, KY US,2021-11-13,0.00
USW00093821,LOUISVILLE INTERNATIONAL AIRPORT, KY US,2021-11-14,0.05
USW00093821,LOUISVILLE INTERNATIONAL AIRPORT, KY US,2021-11-15,0.00
USW00093821,LOUISVILLE INTERNATIONAL AIRPORT, KY US,2021-11-16,0.00
USW00093821,LOUISVILLE INTERNATIONAL AIRPORT, KY US,2021-11-17,0.00
USW00093821,LOUISVILLE INTERNATIONAL AIRPORT, KY US,2021-11-18,0.38
USW00093821,LOUISVILLE INTERNATIONAL AIRPORT, KY US,2021-11-19,0.00
USW00093821,LOUISVILLE INTERNATIONAL AIRPORT, KY US,2021-11-20,0.04
USW00093821,LOUISVILLE INTERNATIONAL AIRPORT, KY US,2021-11-21,0.31
USW00093821,LOUISVILLE INTERNATIONAL AIRPORT, KY US,2021-11-22,0.00
USW00093821,LOUISVILLE INTERNATIONAL AIRPORT, KY US,2021-11-23,0.00
USW00093821,LOUISVILLE INTERNATIONAL AIRPORT, KY US,2021-11-24,0.00
USW00093821,LOUISVILLE INTERNATIONAL AIRPORT, KY US,2021-11-25,0.33
USW00093821,LOUISVILLE INTERNATIONAL AIRPORT, KY US,2021-11-26,0.00
USW00093821,LOUISVILLE INTERNATIONAL AIRPORT, KY US,2021-11-27,0.00
USW00093821,LOUISVILLE INTERNATIONAL AIRPORT, KY US,2021-11-28,0.00
USW00093821,LOUISVILLE INTERNATIONAL AIRPORT, KY US,2021-11-29,0.00
USW00093821,LOUISVILLE INTERNATIONAL AIRPORT, KY US,2021-11-30,0.00
USW00093821,LOUISVILLE INTERNATIONAL AIRPORT, KY US,2021-12-01,0.00
USW00093821,LOUISVILLE INTERNATIONAL AIRPORT, KY US,2021-12-02,0.00
USW00093821,LOUISVILLE INTERNATIONAL AIRPORT, KY US,2021-12-03,0.00
USW00093821,LOUISVILLE INTERNATIONAL AIRPORT, KY US,2021-12-04,0.00
USW00093821,LOUISVILLE INTERNATIONAL AIRPORT, KY US,2021-12-05,0.12
USW00093821,LOUISVILLE INTERNATIONAL AIRPORT, KY US,2021-12-06,0.94
USW00093821,LOUISVILLE INTERNATIONAL AIRPORT, KY US,2021-12-07,0.00
USW00093821,LOUISVILLE INTERNATIONAL AIRPORT, KY US,2021-12-08,0.00
USW00093821,LOUISVILLE INTERNATIONAL AIRPORT, KY US,2021-12-09,0.00
USW00093821,LOUISVILLE INTERNATIONAL AIRPORT, KY US,2021-12-10,0.25
USW00093821,LOUISVILLE INTERNATIONAL AIRPORT, KY US,2021-12-11,0.92
USW00093821,LOUISVILLE INTERNATIONAL AIRPORT, KY US,2021-12-12,0.00
USW00093821,LOUISVILLE INTERNATIONAL AIRPORT, KY US,2021-12-13,0.00
USW00093821,LOUISVILLE INTERNATIONAL AIRPORT, KY US,2021-12-14,0.00
USW00093821,LOUISVILLE INTERNATIONAL AIRPORT, KY US,2021-12-15,0.00
USW00093821,LOUISVILLE INTERNATIONAL AIRPORT, KY US,2021-12-16,0.23
USW00093821,LOUISVILLE INTERNATIONAL AIRPORT, KY US,2021-12-17,0.53
USW00093821,LOUISVILLE INTERNATIONAL AIRPORT, KY US,2021-12-18,0.07
USW00093821,LOUISVILLE INTERNATIONAL AIRPORT, KY US,2021-12-19,0.00
USW00093821,LOUISVILLE INTERNATIONAL AIRPORT, KY US,2021-12-20,0.00
USW00093821,LOUISVILLE INTERNATIONAL AIRPORT, KY US,2021-12-21,0.00
USW00093821,LOUISVILLE INTERNATIONAL AIRPORT, KY US,2021-12-22,0.00
USW00093821,LOUISVILLE INTERNATIONAL AIRPORT, KY US,2021-12-23,0.00
USW00093821,LOUISVILLE INTERNATIONAL AIRPORT, KY US,2021-12-24,0.00
USW00093821,LOUISVILLE INTERNATIONAL AIRPORT, KY US,2021-12-25,0.00
USW00093821,LOUISVILLE INTERNATIONAL AIRPORT, KY US,2021-12-26,0.00
USW00093821,LOUISVILLE INTERNATIONAL AIRPORT, KY US,2021-12-27,0.01
USW00093821,LOUISVILLE INTERNATIONAL AIRPORT, KY US,2021-12-28,0.30
USW00093821,LOUISVILLE INTERNATIONAL AIRPORT, KY US,2021-12-29,0.24
USW00093821,LOUISVILLE INTERNATIONAL AIRPORT, KY US,2021-12-30,0.00
USW00093821,LOUISVILLE INTERNATIONAL AIRPORT, KY US,2021-12-31,0.15
